Variance,Skewness,Curtosis,Entropy,Class,Scaled_Variance,Scaled_Skewness,Scaled_Curtosis,Scaled_Entropy,Scaled_Class,Radius
3.6216,8.6661,-2.8073,-0.44699,0,362.16,866.61,-280.73,-44.699,0,1
4.5459,8.1674,-2.4586,-1.4621,0,454.59,816.74,-245.86,-146.21,0,1
3.866,-2.6383,1.9242,0.10645,0,386.6,-263.83,192.42,10.645,0,1
3.4566,9.5228,-4.0112,-3.5944,0,345.66,952.28,-401.12,-359.44,0,1
0.32924,-4.4552,4.5718,-0.9888,0,32.924,-445.52,457.18,-98.88,0,1
4.3684,9.6718,-3.9606,-3.1625,0,436.84,967.18,-396.06,-316.25,0,1
3.5912,3.0129,0.72888,0.56421,0,359.12,301.29,72.888,56.421,0,1
2.0922,-6.81,8.4636,-0.60216,0,209.22,-681,846.36,-60.216,0,1
3.2032,5.7588,-0.75345,-0.61251,0,320.32,575.88,-75.345,-61.251,0,1
1.5356,9.1772,-2.2718,-0.73535,0,153.56,917.72,-227.18,-73.535,0,1
1.2247,8.7779,-2.2135,-0.80647,0,122.47,877.79,-221.35,-80.647,0,1
3.9899,-2.7066,2.3946,0.86291,0,398.99,-270.66,239.46,86.291,0,1
1.8993,7.6625,0.15394,-3.1108,0,189.93,766.25,15.394,-311.08,0,1
-1.5768,10.843,2.5462,-2.9362,0,-157.68,1084.3,254.62,-293.62,0,1
3.404,8.7261,-2.9915,-0.57242,0,340.4,872.61,-299.15,-57.242,0,1
4.6765,-3.3895,3.4896,1.4771,0,467.65,-338.95,348.96,147.71,0,1
2.6719,3.0646,0.37158,0.58619,0,267.19,306.46,37.158,58.619,0,1
0.80355,2.8473,4.3439,0.6017,0,80.355,284.73,434.39,60.17,0,1
1.4479,-4.8794,8.3428,-2.1086,0,144.79,-487.94,834.28,-210.86,0,1
5.2423,11.0272,-4.353,-4.1013,0,524.23,1102.72,-435.3,-410.13,0,1
5.7867,7.8902,-2.6196,-0.48708,0,578.67,789.02,-261.96,-48.708,0,1
0.3292,-4.4552,4.5718,-0.9888,0,32.92,-445.52,457.18,-98.88,0,1
3.9362,10.1622,-3.8235,-4.0172,0,393.62,1016.22,-382.35,-401.72,0,1
0.93584,8.8855,-1.6831,-1.6599,0,93.584,888.55,-168.31,-165.99,0,1
4.4338,9.887,-4.6795,-3.7483,0,443.38,988.7,-467.95,-374.83,0,1
0.7057,-5.4981,8.3368,-2.8715,0,70.57,-549.81,833.68,-287.15,0,1
1.1432,-3.7413,5.5777,-0.63578,0,114.32,-374.13,557.77,-63.578,0,1
-0.38214,8.3909,2.1624,-3.7405,0,-38.214,839.09,216.24,-374.05,0,1
6.5633,9.8187,-4.4113,-3.2258,0,656.33,981.87,-441.13,-322.58,0,1
4.8906,-3.3584,3.4202,1.0905,0,489.06,-335.84,342.02,109.05,0,1
-0.24811,-0.17797,4.9068,0.15429,0,-24.811,-17.797,490.68,15.429,0,1
1.4884,3.6274,3.308,0.48921,0,148.84,362.74,330.8,48.921,0,1
4.2969,7.617,-2.3874,-0.96164,0,429.69,761.7,-238.74,-96.164,0,1
-0.96511,9.4111,1.7305,-4.8629,0,-96.511,941.11,173.05,-486.29,0,1
-1.6162,0.80908,8.1628,0.60817,0,-161.62,80.908,816.28,60.817,0,1
2.4391,6.4417,-0.80743,-0.69139,0,243.91,644.17,-80.743,-69.139,0,1
2.6881,6.0195,-0.46641,-0.69268,0,268.81,601.95,-46.641,-69.268,0,1
3.6289,0.81322,1.6277,0.77627,0,362.89,81.322,162.77,77.627,0,1
4.5679,3.1929,-2.1055,0.29653,0,456.79,319.29,-210.55,29.653,0,1
3.4805,9.7008,-3.7541,-3.4379,0,348.05,970.08,-375.41,-343.79,0,1
4.1711,8.722,-3.0224,-0.59699,0,417.11,872.2,-302.24,-59.699,0,1
-0.2062,9.2207,-3.7044,-6.8103,0,-20.62,922.07,-370.44,-681.03,0,1
-0.0068919,9.2931,-0.41243,-1.9638,0,-0.68919,929.31,-41.243,-196.38,0,1
0.96441,5.8395,2.3235,0.066365,0,96.441,583.95,232.35,6.6365,0,1
2.8561,6.9176,-0.79372,0.48403,0,285.61,691.76,-79.372,48.403,0,1
-0.7869,9.5663,-3.7867,-7.5034,0,-78.69,956.63,-378.67,-750.34,0,1
2.0843,6.6258,0.48382,-2.2134,0,208.43,662.58,48.382,-221.34,0,1
-0.7869,9.5663,-3.7867,-7.5034,0,-78.69,956.63,-378.67,-750.34,0,1
3.9102,6.065,-2.4534,-0.68234,0,391.02,606.5,-245.34,-68.234,0,1
1.6349,3.286,2.8753,0.087054,0,163.49,328.6,287.53,8.7054,0,1
4.3239,-4.8835,3.4356,-0.5776,0,432.39,-488.35,343.56,-57.76,0,1
5.262,3.9834,-1.5572,1.0103,0,526.2,398.34,-155.72,101.03,0,1
3.1452,5.825,-0.51439,-1.4944,0,314.52,582.5,-51.439,-149.44,0,1
2.549,6.1499,-1.1605,-1.2371,0,254.9,614.99,-116.05,-123.71,0,1
4.9264,5.496,-2.4774,-0.50648,0,492.64,549.6,-247.74,-50.648,0,1
4.8265,0.80287,1.6371,1.1875,0,482.65,80.287,163.71,118.75,0,1
2.5635,6.7769,-0.61979,0.38576,0,256.35,677.69,-61.979,38.576,0,1
5.807,5.0097,-2.2384,0.43878,0,580.7,500.97,-223.84,43.878,0,1
3.1377,-4.1096,4.5701,0.98963,0,313.77,-410.96,457.01,98.963,0,1
-0.78289,11.3603,-0.37644,-7.0495,0,-78.289,1136.03,-37.644,-704.95,0,1
2.888,0.44696,4.5907,-0.24398,0,288.8,44.696,459.07,-24.398,0,1
0.49665,5.527,1.7785,-0.47156,0,49.665,552.7,177.85,-47.156,0,1
4.2586,11.2962,-4.0943,-4.3457,0,425.86,1129.62,-409.43,-434.57,0,1
1.7939,-1.1174,1.5454,-0.26079,0,179.39,-111.74,154.54,-26.079,0,1
5.4021,3.1039,-1.1536,1.5651,0,540.21,310.39,-115.36,156.51,0,1
2.5367,2.599,2.0938,0.20085,0,253.67,259.9,209.38,20.085,0,1
4.6054,-4.0765,2.7587,0.31981,0,460.54,-407.65,275.87,31.981,0,1
2.4235,9.5332,-3.0789,-2.7746,0,242.35,953.32,-307.89,-277.46,0,1
1.0009,7.7846,-0.28219,-2.6608,0,100.09,778.46,-28.219,-266.08,0,1
0.12326,8.9848,-0.9351,-2.4332,0,12.326,898.48,-93.51,-243.32,0,1
3.9529,-2.3548,2.3792,0.48274,0,395.29,-235.48,237.92,48.274,0,1
4.1373,0.49248,1.093,1.8276,0,413.73,49.248,109.3,182.76,0,1
4.7181,10.0153,-3.9486,-3.8582,0,471.81,1001.53,-394.86,-385.82,0,1
4.1654,-3.4495,3.643,1.0879,0,416.54,-344.95,364.3,108.79,0,1
4.4069,10.9072,-4.5775,-4.4271,0,440.69,1090.72,-457.75,-442.71,0,1
2.3066,3.5364,0.57551,0.41938,0,230.66,353.64,57.551,41.938,0,1
3.7935,7.9853,-2.5477,-1.872,0,379.35,798.53,-254.77,-187.2,0,1
0.049175,6.1437,1.7828,-0.72113,0,4.9175,614.37,178.28,-72.113,0,1
0.24835,7.6439,0.9885,-0.87371,0,24.835,764.39,98.85,-87.371,0,1
1.1317,3.9647,3.3979,0.84351,0,113.17,396.47,339.79,84.351,0,1
2.8033,9.0862,-3.3668,-1.0224,0,280.33,908.62,-336.68,-102.24,0,1
4.4682,2.2907,0.95766,0.83058,0,446.82,229.07,95.766,83.058,0,1
5.0185,8.5978,-2.9375,-1.281,0,501.85,859.78,-293.75,-128.1,0,1
1.8664,7.7763,-0.23849,-2.9634,0,186.64,777.63,-23.849,-296.34,0,1
3.245,6.63,-0.63435,0.86937,0,324.5,663,-63.435,86.937,0,1
4.0296,2.6756,0.80685,0.71679,0,402.96,267.56,80.685,71.679,0,1
-1.1313,1.9037,7.5339,1.022,0,-113.13,190.37,753.39,102.2,0,1
0.87603,6.8141,0.84198,-0.17156,0,87.603,681.41,84.198,-17.156,0,1
4.1197,-2.7956,2.0707,0.67412,0,411.97,-279.56,207.07,67.412,0,1
3.8027,0.81529,2.1041,1.0245,0,380.27,81.529,210.41,102.45,0,1
1.4806,7.6377,-2.7876,-1.0341,0,148.06,763.77,-278.76,-103.41,0,1
4.0632,3.584,0.72545,0.39481,0,406.32,358.4,72.545,39.481,0,1
4.3064,8.2068,-2.7824,-1.4336,0,430.64,820.68,-278.24,-143.36,0,1
2.4486,-6.3175,7.9632,0.20602,0,244.86,-631.75,796.32,20.602,0,1
3.2718,1.7837,2.1161,0.61334,0,327.18,178.37,211.61,61.334,0,1
-0.64472,-4.6062,8.347,-2.7099,0,-64.472,-460.62,834.7,-270.99,0,1
2.9543,1.076,0.64577,0.89394,0,295.43,107.6,64.577,89.394,0,1
2.1616,-6.8804,8.1517,-0.081048,0,216.16,-688.04,815.17,-8.1048,0,1
3.82,10.9279,-4.0112,-5.0284,0,382,1092.79,-401.12,-502.84,0,1
-2.7419,11.4038,2.5394,-5.5793,0,-274.19,1140.38,253.94,-557.93,0,1
3.3669,-5.1856,3.6935,-1.1427,0,336.69,-518.56,369.35,-114.27,0,1
4.5597,-2.4211,2.6413,1.6168,0,455.97,-242.11,264.13,161.68,0,1
5.1129,-0.49871,0.62863,1.1189,0,511.29,-49.871,62.863,111.89,0,1
3.3397,-4.6145,3.9823,-0.23751,0,333.97,-461.45,398.23,-23.751,0,1
4.2027,0.22761,0.96108,0.97282,0,420.27,22.761,96.108,97.282,0,1
3.5438,1.2395,1.997,2.1547,0,354.38,123.95,199.7,215.47,0,1
2.3136,10.6651,-3.5288,-4.7672,0,231.36,1066.51,-352.88,-476.72,0,1
-1.8584,7.886,-1.6643,-1.8384,0,-185.84,788.6,-166.43,-183.84,0,1
3.106,9.5414,-4.2536,-4.003,0,310.6,954.14,-425.36,-400.3,0,1
2.9163,10.8306,-3.3437,-4.122,0,291.63,1083.06,-334.37,-412.2,0,1
3.9922,-4.4676,3.7304,-0.1095,0,399.22,-446.76,373.04,-10.95,0,1
1.518,5.6946,0.094818,-0.026738,0,151.8,569.46,9.4818,-2.6738,0,1
3.2351,9.647,-3.2074,-2.5948,0,323.51,964.7,-320.74,-259.48,0,1
4.2188,6.8162,-1.2804,0.76076,0,421.88,681.62,-128.04,76.076,0,1
1.7819,6.9176,-1.2744,-1.5759,0,178.19,691.76,-127.44,-157.59,0,1
2.5331,2.9135,-0.822,-0.12243,0,253.31,291.35,-82.2,-12.243,0,1
3.8969,7.4163,-1.8245,0.14007,0,389.69,741.63,-182.45,14.007,0,1
2.108,6.7955,-0.1708,0.4905,0,210.8,679.55,-17.08,49.05,0,1
2.8969,0.70768,2.29,1.8663,0,289.69,70.768,229,186.63,0,1
0.9297,-3.7971,4.6429,-0.2957,0,92.97,-379.71,464.29,-29.57,0,1
3.4642,10.6878,-3.4071,-4.109,0,346.42,1068.78,-340.71,-410.9,0,1
4.0713,10.4023,-4.1722,-4.7582,0,407.13,1040.23,-417.22,-475.82,0,1
-1.4572,9.1214,1.7425,-5.1241,0,-145.72,912.14,174.25,-512.41,0,1
-1.5075,1.9224,7.1466,0.89136,0,-150.75,192.24,714.66,89.136,0,1
-0.91718,9.9884,1.1804,-5.2263,0,-91.718,998.84,118.04,-522.63,0,1
2.994,7.2011,-1.2153,0.3211,0,299.4,720.11,-121.53,32.11,0,1
-2.343,12.9516,3.3285,-5.9426,0,-234.3,1295.16,332.85,-594.26,0,1
3.7818,-2.8846,2.2558,-0.15734,0,378.18,-288.46,225.58,-15.734,0,1
4.6689,1.3098,0.055404,1.909,0,466.89,130.98,5.5404,190.9,0,1
3.4663,1.1112,1.7425,1.3388,0,346.63,111.12,174.25,133.88,0,1
3.2697,-4.3414,3.6884,-0.29829,0,326.97,-434.14,368.84,-29.829,0,1
5.1302,8.6703,-2.8913,-1.5086,0,513.02,867.03,-289.13,-150.86,0,1
2.0139,6.1416,0.37929,0.56938,0,201.39,614.16,37.929,56.938,0,1
0.4339,5.5395,2.033,-0.40432,0,43.39,553.95,203.3,-40.432,0,1
-1.0401,9.3987,0.85998,-5.3336,0,-104.01,939.87,85.998,-533.36,0,1
4.1605,11.2196,-3.6136,-4.0819,0,416.05,1121.96,-361.36,-408.19,0,1
5.438,9.4669,-4.9417,-3.9202,0,543.8,946.69,-494.17,-392.02,0,1
5.032,8.2026,-2.6256,-1.0341,0,503.2,820.26,-262.56,-103.41,0,1
5.2418,10.5388,-4.1174,-4.2797,0,524.18,1053.88,-411.74,-427.97,0,1
-0.2062,9.2207,-3.7044,-6.8103,0,-20.62,922.07,-370.44,-681.03,0,1
2.0911,0.94358,4.5512,1.234,0,209.11,94.358,455.12,123.4,0,1
1.7317,-0.34765,4.1905,-0.99138,0,173.17,-34.765,419.05,-99.138,0,1
4.1736,3.3336,-1.4244,0.60429,0,417.36,333.36,-142.44,60.429,0,1
3.9232,-3.2467,3.4579,0.83705,0,392.32,-324.67,345.79,83.705,0,1
3.8481,10.1539,-3.8561,-4.2228,0,384.81,1015.39,-385.61,-422.28,0,1
0.5195,-3.2633,3.0895,-0.9849,0,51.95,-326.33,308.95,-98.49,0,1
3.8584,0.78425,1.1033,1.7008,0,385.84,78.425,110.33,170.08,0,1
1.7496,-0.1759,5.1827,1.2922,0,174.96,-17.59,518.27,129.22,0,1
3.6277,0.9829,0.68861,0.63403,0,362.77,98.29,68.861,63.403,0,1
2.7391,7.4018,0.071684,-2.5302,0,273.91,740.18,7.1684,-253.02,0,1
4.5447,8.2274,-2.4166,-1.5875,0,454.47,822.74,-241.66,-158.75,0,1
-1.7599,11.9211,2.6756,-3.3241,0,-175.99,1192.11,267.56,-332.41,0,1
5.0691,0.21313,0.20278,1.2095,0,506.91,21.313,20.278,120.95,0,1
3.4591,11.112,-4.2039,-5.0931,0,345.91,1111.2,-420.39,-509.31,0,1
1.9358,8.1654,-0.023425,-2.2586,0,193.58,816.54,-2.3425,-225.86,0,1
2.486,-0.99533,5.3404,-0.15475,0,248.6,-99.533,534.04,-15.475,0,1
2.4226,-4.5752,5.947,0.21507,0,242.26,-457.52,594.7,21.507,0,1
3.9479,-3.7723,2.883,0.019813,0,394.79,-377.23,288.3,1.9813,0,1
2.2634,-4.4862,3.6558,-0.61251,0,226.34,-448.62,365.58,-61.251,0,1
1.3566,4.2358,2.1341,0.3211,0,135.66,423.58,213.41,32.11,0,1
5.0452,3.8964,-1.4304,0.86291,0,504.52,389.64,-143.04,86.291,0,1
3.5499,8.6165,-3.2794,-1.2009,0,354.99,861.65,-327.94,-120.09,0,1
0.17346,7.8695,0.26876,-3.7883,0,17.346,786.95,26.876,-378.83,0,1
2.4008,9.3593,-3.3565,-3.3526,0,240.08,935.93,-335.65,-335.26,0,1
4.8851,1.5995,-0.00029081,1.6401,0,488.51,159.95,-0.029081,164.01,0,1
4.1927,-3.2674,2.5839,0.21766,0,419.27,-326.74,258.39,21.766,0,1
1.1166,8.6496,-0.96252,-1.8112,0,111.66,864.96,-96.252,-181.12,0,1
1.0235,6.901,-2.0062,-2.7125,0,102.35,690.1,-200.62,-271.25,0,1
-1.803,11.8818,2.0458,-5.2728,0,-180.3,1188.18,204.58,-527.28,0,1
0.11739,6.2761,-1.5495,-2.4746,0,11.739,627.61,-154.95,-247.46,0,1
0.5706,-0.0248,1.2421,-0.5621,0,57.06,-2.48,124.21,-56.21,0,1
4.0552,-2.4583,2.2806,1.0323,0,405.52,-245.83,228.06,103.23,0,1
-1.6952,1.0657,8.8294,0.94955,0,-169.52,106.57,882.94,94.955,0,1
-1.1193,10.7271,2.0938,-5.6504,0,-111.93,1072.71,209.38,-565.04,0,1
1.8799,2.4707,2.4931,0.37671,0,187.99,247.07,249.31,37.671,0,1
3.583,-3.7971,3.4391,-0.12501,0,358.3,-379.71,343.91,-12.501,0,1
0.19081,9.1297,-3.725,-5.8224,0,19.081,912.97,-372.5,-582.24,0,1
3.6582,5.6864,-1.7157,-0.23751,0,365.82,568.64,-171.57,-23.751,0,1
-0.13144,-1.7775,8.3316,0.35214,0,-13.144,-177.75,833.16,35.214,0,1
2.3925,9.798,-3.0361,-2.8224,0,239.25,979.8,-303.61,-282.24,0,1
1.6426,3.0149,0.22849,-0.147,0,164.26,301.49,22.849,-14.7,0,1
-0.11783,-1.5789,8.03,-0.028031,0,-11.783,-157.89,803,-2.8031,0,1
-0.69572,8.6165,1.8419,-4.3289,0,-69.572,861.65,184.19,-432.89,0,1
2.9421,7.4101,-0.97709,-0.88406,0,294.21,741.01,-97.709,-88.406,0,1
-1.7559,11.9459,3.0946,-4.8978,0,-175.59,1194.59,309.46,-489.78,0,1
-1.2537,10.8803,1.931,-4.3237,0,-125.37,1088.03,193.1,-432.37,0,1
3.2585,-4.4614,3.8024,-0.15087,0,325.85,-446.14,380.24,-15.087,0,1
1.8314,6.3672,-0.036278,0.049554,0,183.14,636.72,-3.6278,4.9554,0,1
4.5645,-3.6275,2.8684,0.27714,0,456.45,-362.75,286.84,27.714,0,1
2.7365,-5.0325,6.6608,-0.57889,0,273.65,-503.25,666.08,-57.889,0,1
0.9297,-3.7971,4.6429,-0.2957,0,92.97,-379.71,464.29,-29.57,0,1
3.9663,10.1684,-4.1131,-4.6056,0,396.63,1016.84,-411.31,-460.56,0,1
1.4578,-0.08485,4.1785,0.59136,0,145.78,-8.485,417.85,59.136,0,1
4.8272,3.0687,0.68604,0.80731,0,482.72,306.87,68.604,80.731,0,1
-2.341,12.3784,0.70403,-7.5836,0,-234.1,1237.84,70.403,-758.36,0,1
-1.8584,7.886,-1.6643,-1.8384,0,-185.84,788.6,-166.43,-183.84,0,1
4.1454,7.257,-1.9153,-0.86078,0,414.54,725.7,-191.53,-86.078,0,1
1.9157,6.0816,0.23705,-2.0116,0,191.57,608.16,23.705,-201.16,0,1
4.0215,-2.1914,2.4648,1.1409,0,402.15,-219.14,246.48,114.09,0,1
5.8862,5.8747,-2.8167,-0.30087,0,588.62,587.47,-281.67,-30.087,0,1
-2.0897,10.8265,2.3603,-3.4198,0,-208.97,1082.65,236.03,-341.98,0,1
4.0026,-3.5943,3.5573,0.26809,0,400.26,-359.43,355.73,26.809,0,1
-0.78689,9.5663,-3.7867,-7.5034,0,-78.689,956.63,-378.67,-750.34,0,1
4.1757,10.2615,-3.8552,-4.3056,0,417.57,1026.15,-385.52,-430.56,0,1
0.83292,7.5404,0.65005,-0.92544,0,83.292,754.04,65.005,-92.544,0,1
4.8077,2.2327,-0.26334,1.5534,0,480.77,223.27,-26.334,155.34,0,1
5.3063,5.2684,-2.8904,-0.52716,0,530.63,526.84,-289.04,-52.716,0,1
2.5605,9.2683,-3.5913,-1.356,0,256.05,926.83,-359.13,-135.6,0,1
2.1059,7.6046,-0.47755,-1.8461,0,210.59,760.46,-47.755,-184.61,0,1
2.1721,-0.73874,5.4672,-0.72371,0,217.21,-73.874,546.72,-72.371,0,1
4.2899,9.1814,-4.6067,-4.3263,0,428.99,918.14,-460.67,-432.63,0,1
3.5156,10.1891,-4.2759,-4.978,0,351.56,1018.91,-427.59,-497.8,0,1
2.614,8.0081,-3.7258,-1.3069,0,261.4,800.81,-372.58,-130.69,0,1
0.68087,2.3259,4.9085,0.54998,0,68.087,232.59,490.85,54.998,0,1
4.1962,0.74493,0.83256,0.753,0,419.62,74.493,83.256,75.3,0,1
6.0919,2.9673,-1.3267,1.4551,0,609.19,296.73,-132.67,145.51,0,1
1.3234,3.2964,0.2362,-0.11984,0,132.34,329.64,23.62,-11.984,0,1
1.3264,1.0326,5.6566,-0.41337,0,132.64,103.26,565.66,-41.337,0,1
-0.16735,7.6274,1.2061,-3.6241,0,-16.735,762.74,120.61,-362.41,0,1
-1.3,10.2678,-2.953,-5.8638,0,-130,1026.78,-295.3,-586.38,0,1
-2.2261,12.5398,2.9438,-3.5258,0,-222.61,1253.98,294.38,-352.58,0,1
2.4196,6.4665,-0.75688,0.228,0,241.96,646.65,-75.688,22.8,0,1
1.0987,0.6394,5.989,-0.58277,0,109.87,63.94,598.9,-58.277,0,1
4.6464,10.5326,-4.5852,-4.206,0,464.64,1053.26,-458.52,-420.6,0,1
-0.36038,4.1158,3.1143,-0.37199,0,-36.038,411.58,311.43,-37.199,0,1
1.3562,3.2136,4.3465,0.78662,0,135.62,321.36,434.65,78.662,0,1
0.5706,-0.0248,1.2421,-0.5621,0,57.06,-2.48,124.21,-56.21,0,1
-2.6479,10.1374,-1.331,-5.4707,0,-264.79,1013.74,-133.1,-547.07,0,1
3.1219,-3.137,1.9259,-0.37458,0,312.19,-313.7,192.59,-37.458,0,1
5.4944,1.5478,0.041694,1.9284,0,549.44,154.78,4.1694,192.84,0,1
-1.3389,1.552,7.0806,1.031,0,-133.89,155.2,708.06,103.1,0,1
-2.3361,11.9604,3.0835,-5.4435,0,-233.61,1196.04,308.35,-544.35,0,1
2.2596,-0.033118,4.7355,-0.2776,0,225.96,-3.3118,473.55,-27.76,0,1
0.46901,-0.63321,7.3848,0.36507,0,46.901,-63.321,738.48,36.507,0,1
2.7296,2.8701,0.51124,0.5099,0,272.96,287.01,51.124,50.99,0,1
2.0466,2.03,2.1761,-0.083634,0,204.66,203,217.61,-8.3634,0,1
-1.3274,9.498,2.4408,-5.2689,0,-132.74,949.8,244.08,-526.89,0,1
3.8905,-2.1521,2.6302,1.1047,0,389.05,-215.21,263.02,110.47,0,1
3.9994,0.90427,1.1693,1.6892,0,399.94,90.427,116.93,168.92,0,1
2.3952,9.5083,-3.1783,-3.0086,0,239.52,950.83,-317.83,-300.86,0,1
3.2704,6.9321,-1.0456,0.23447,0,327.04,693.21,-104.56,23.447,0,1
-1.3931,1.5664,7.5382,0.78403,0,-139.31,156.64,753.82,78.403,0,1
1.6406,3.5488,1.3964,-0.36424,0,164.06,354.88,139.64,-36.424,0,1
2.7744,6.8576,-1.0671,0.075416,0,277.44,685.76,-106.71,7.5416,0,1
2.4287,9.3821,-3.2477,-1.4543,0,242.87,938.21,-324.77,-145.43,0,1
4.2134,-2.806,2.0116,0.67412,0,421.34,-280.6,201.16,67.412,0,1
1.6472,0.48213,4.7449,1.225,0,164.72,48.213,474.49,122.5,0,1
2.0597,-0.99326,5.2119,-0.29312,0,205.97,-99.326,521.19,-29.312,0,1
0.3798,0.7098,0.7572,-0.4444,0,37.98,70.98,75.72,-44.44,0,1
1.0135,8.4551,-1.672,-2.0815,0,101.35,845.51,-167.2,-208.15,0,1
4.5691,-4.4552,3.1769,0.0042961,0,456.91,-445.52,317.69,0.42961,0,1
0.57461,10.1105,-1.6917,-4.3922,0,57.461,1011.05,-169.17,-439.22,0,1
0.5734,9.1938,-0.9094,-1.872,0,57.34,919.38,-90.94,-187.2,0,1
5.2868,3.257,-1.3721,1.1668,0,528.68,325.7,-137.21,116.68,0,1
4.0102,10.6568,-4.1388,-5.0646,0,401.02,1065.68,-413.88,-506.46,0,1
4.1425,-3.6792,3.8281,1.6297,0,414.25,-367.92,382.81,162.97,0,1
3.0934,-2.9177,2.2232,0.22283,0,309.34,-291.77,222.32,22.283,0,1
2.2034,5.9947,0.53009,0.84998,0,220.34,599.47,53.009,84.998,0,1
3.744,0.79459,0.95851,1.0077,0,374.4,79.459,95.851,100.77,0,1
3.0329,2.2948,2.1135,0.35084,0,303.29,229.48,211.35,35.084,0,1
3.7731,7.2073,-1.6814,-0.94742,0,377.31,720.73,-168.14,-94.742,0,1
3.1557,2.8908,0.59693,0.79825,0,315.57,289.08,59.693,79.825,0,1
1.8114,7.6067,-0.9788,-2.4668,0,181.14,760.67,-97.88,-246.68,0,1
4.988,7.2052,-3.2846,-1.1608,0,498.8,720.52,-328.46,-116.08,0,1
2.483,6.6155,-0.79287,-0.90863,0,248.3,661.55,-79.287,-90.863,0,1
1.594,4.7055,1.3758,0.081882,0,159.4,470.55,137.58,8.1882,0,1
-0.016103,9.7484,0.15394,-1.6134,0,-1.6103,974.84,15.394,-161.34,0,1
3.8496,9.7939,-4.1508,-4.4582,0,384.96,979.39,-415.08,-445.82,0,1
0.9297,-3.7971,4.6429,-0.2957,0,92.97,-379.71,464.29,-29.57,0,1
4.9342,2.4107,-0.17594,1.6245,0,493.42,241.07,-17.594,162.45,0,1
3.8417,10.0215,-4.2699,-4.9159,0,384.17,1002.15,-426.99,-491.59,0,1
5.3915,9.9946,-3.8081,-3.3642,0,539.15,999.46,-380.81,-336.42,0,1
4.4072,-0.070365,2.0416,1.1319,0,440.72,-7.0365,204.16,113.19,0,1
2.6946,6.7976,-0.40301,0.44912,0,269.46,679.76,-40.301,44.912,0,1
5.2756,0.13863,0.12138,1.1435,0,527.56,13.863,12.138,114.35,0,1
3.4312,6.2637,-1.9513,-0.36165,0,343.12,626.37,-195.13,-36.165,0,1
4.052,-0.16555,0.45383,0.51248,0,405.2,-16.555,45.383,51.248,0,1
1.3638,-4.7759,8.4182,-1.8836,0,136.38,-477.59,841.82,-188.36,0,1
0.89566,7.7763,-2.7473,-1.9353,0,89.566,777.63,-274.73,-193.53,0,1
1.9265,7.7557,-0.16823,-3.0771,0,192.65,775.57,-16.823,-307.71,0,1
0.20977,-0.46146,7.7267,0.90946,0,20.977,-46.146,772.67,90.946,0,1
4.068,-2.9363,2.1992,0.50084,0,406.8,-293.63,219.92,50.084,0,1
2.877,-4.0599,3.6259,-0.32544,0,287.7,-405.99,362.59,-32.544,0,1
0.3223,-0.89808,8.0883,0.69222,0,32.23,-89.808,808.83,69.222,0,1
-1.3,10.2678,-2.953,-5.8638,0,-130,1026.78,-295.3,-586.38,0,1
1.7747,-6.4334,8.15,-0.89828,0,177.47,-643.34,815,-89.828,0,1
1.3419,-4.4221,8.09,-1.7349,0,134.19,-442.21,809,-173.49,0,1
0.89606,10.5471,-1.4175,-4.0327,0,89.606,1054.71,-141.75,-403.27,0,1
0.44125,2.9487,4.3225,0.7155,0,44.125,294.87,432.25,71.55,0,1
3.2422,6.2265,0.12224,-1.4466,0,324.22,622.65,12.224,-144.66,0,1
2.5678,3.5136,0.61406,-0.40691,0,256.78,351.36,61.406,-40.691,0,1
-2.2153,11.9625,0.078538,-7.7853,0,-221.53,1196.25,7.8538,-778.53,0,1
4.1349,6.1189,-2.4294,-0.19613,0,413.49,611.89,-242.94,-19.613,0,1
1.934,-9.28E-06,4.816,-0.33967,0,193.4,-0.00092828,481.6,-33.967,0,1
2.5068,1.1588,3.9249,0.12585,0,250.68,115.88,392.49,12.585,0,1
2.1464,6.0795,-0.5778,-2.2302,0,214.64,607.95,-57.78,-223.02,0,1
0.051979,7.0521,-2.0541,-3.1508,0,5.1979,705.21,-205.41,-315.08,0,1
1.2706,8.035,-0.19651,-2.1888,0,127.06,803.5,-19.651,-218.88,0,1
1.143,0.83391,5.4552,-0.56984,0,114.3,83.391,545.52,-56.984,0,1
2.2928,9.0386,-3.2417,-1.2991,0,229.28,903.86,-324.17,-129.91,0,1
0.3292,-4.4552,4.5718,-0.9888,0,32.92,-445.52,457.18,-98.88,0,1
2.9719,6.8369,-0.2702,0.71291,0,297.19,683.69,-27.02,71.291,0,1
1.6849,8.7489,-1.2641,-1.3858,0,168.49,874.89,-126.41,-138.58,0,1
-1.9177,11.6894,2.5454,-3.2763,0,-191.77,1168.94,254.54,-327.63,0,1
2.3729,10.4726,-3.0087,-3.2013,0,237.29,1047.26,-300.87,-320.13,0,1
1.0284,9.767,-1.3687,-1.7853,0,102.84,976.7,-136.87,-178.53,0,1
0.27451,9.2186,-3.2863,-4.8448,0,27.451,921.86,-328.63,-484.48,0,1
1.6032,-4.7863,8.5193,-2.1203,0,160.32,-478.63,851.93,-212.03,0,1
4.616,10.1788,-4.2185,-4.4245,0,461.6,1017.88,-421.85,-442.45,0,1
4.2478,7.6956,-2.7696,-1.0767,0,424.78,769.56,-276.96,-107.67,0,1
4.0215,-2.7004,2.4957,0.36636,0,402.15,-270.04,249.57,36.636,0,1
5.0297,-4.9704,3.5025,-0.23751,0,502.97,-497.04,350.25,-23.751,0,1
1.5902,2.2948,3.2403,0.18404,0,159.02,229.48,324.03,18.404,0,1
2.1274,5.1939,-1.7971,-1.1763,0,212.74,519.39,-179.71,-117.63,0,1
1.1811,8.3847,-2.0567,-0.90345,0,118.11,838.47,-205.67,-90.345,0,1
0.3292,-4.4552,4.5718,-0.9888,0,32.92,-445.52,457.18,-98.88,0,1
5.7353,5.2808,-2.2598,0.075416,0,573.53,528.08,-225.98,7.5416,0,1
2.6718,5.6574,0.72974,-1.4892,0,267.18,565.74,72.974,-148.92,0,1
1.5799,-4.7076,7.9186,-1.5487,0,157.99,-470.76,791.86,-154.87,0,1
2.9499,2.2493,1.3458,-0.037083,0,294.99,224.93,134.58,-3.7083,0,1
0.5195,-3.2633,3.0895,-0.9849,0,51.95,-326.33,308.95,-98.49,0,1
3.7352,9.5911,-3.9032,-3.3487,0,373.52,959.11,-390.32,-334.87,0,1
-1.7344,2.0175,7.7618,0.93532,0,-173.44,201.75,776.18,93.532,0,1
3.884,10.0277,-3.9298,-4.0819,0,388.4,1002.77,-392.98,-408.19,0,1
3.5257,1.2829,1.9276,1.7991,0,352.57,128.29,192.76,179.91,0,1
4.4549,2.4976,1.0313,0.96894,0,445.49,249.76,103.13,96.894,0,1
-0.16108,-6.4624,8.3573,-1.5216,0,-16.108,-646.24,835.73,-152.16,0,1
4.2164,9.4607,-4.9288,-5.2366,0,421.64,946.07,-492.88,-523.66,0,1
3.5152,6.8224,-0.67377,-0.46898,0,351.52,682.24,-67.377,-46.898,0,1
1.6988,2.9094,2.9044,0.11033,0,169.88,290.94,290.44,11.033,0,1
1.0607,2.4542,2.5188,-0.17027,0,106.07,245.42,251.88,-17.027,0,1
2.0421,1.2436,4.2171,0.90429,0,204.21,124.36,421.71,90.429,0,1
3.5594,1.3078,1.291,1.6556,0,355.94,130.78,129.1,165.56,0,1
3.0009,5.8126,-2.2306,-0.66553,0,300.09,581.26,-223.06,-66.553,0,1
3.9294,1.4112,1.8076,0.89782,0,392.94,141.12,180.76,89.782,0,1
3.4667,-4.0724,4.2882,1.5418,0,346.67,-407.24,428.82,154.18,0,1
3.966,3.9213,0.70574,0.33662,0,396.6,392.13,70.574,33.662,0,1
1.0191,2.33,4.9334,0.82929,0,101.91,233,493.34,82.929,0,1
0.96414,5.616,2.2138,-0.12501,0,96.414,561.6,221.38,-12.501,0,1
1.8205,6.7562,0.0099913,0.39481,0,182.05,675.62,0.99913,39.481,0,1
4.9923,7.8653,-2.3515,-0.71984,0,499.23,786.53,-235.15,-71.984,0,1
-1.1804,11.5093,0.15565,-6.8194,0,-118.04,1150.93,15.565,-681.94,0,1
4.0329,0.23175,0.89082,1.1823,0,403.29,23.175,89.082,118.23,0,1
0.66018,10.3878,-1.4029,-3.9151,0,66.018,1038.78,-140.29,-391.51,0,1
3.5982,7.1307,-1.3035,0.21248,0,359.82,713.07,-130.35,21.248,0,1
-1.8584,7.886,-1.6643,-1.8384,0,-185.84,788.6,-166.43,-183.84,0,1
4.0972,0.46972,1.6671,0.91593,0,409.72,46.972,166.71,91.593,0,1
3.3299,0.91254,1.5806,0.39352,0,332.99,91.254,158.06,39.352,0,1
3.1088,3.1122,0.80857,0.4336,0,310.88,311.22,80.857,43.36,0,1
-4.2859,8.5234,3.1392,-0.91639,0,-428.59,852.34,313.92,-91.639,0,1
-1.2528,10.2036,2.1787,-5.6038,0,-125.28,1020.36,217.87,-560.38,0,1
0.5195,-3.2633,3.0895,-0.9849,0,51.95,-326.33,308.95,-98.49,0,1
0.3292,-4.4552,4.5718,-0.9888,0,32.92,-445.52,457.18,-98.88,0,1
0.88872,5.3449,2.045,-0.19355,0,88.872,534.49,204.5,-19.355,0,1
3.5458,9.3718,-4.0351,-3.9564,0,354.58,937.18,-403.51,-395.64,0,1
-0.21661,8.0329,1.8848,-3.8853,0,-21.661,803.29,188.48,-388.53,0,1
2.7206,9.0821,-3.3111,-0.96811,0,272.06,908.21,-331.11,-96.811,0,1
3.2051,8.6889,-2.9033,-0.7819,0,320.51,868.89,-290.33,-78.19,0,1
2.6917,10.8161,-3.3,-4.2888,0,269.17,1081.61,-330,-428.88,0,1
-2.3242,11.5176,1.8231,-5.375,0,-232.42,1151.76,182.31,-537.5,0,1
2.7161,-4.2006,4.1914,0.16981,0,271.61,-420.06,419.14,16.981,0,1
3.3848,3.2674,0.90967,0.25128,0,338.48,326.74,90.967,25.128,0,1
1.7452,4.8028,2.0878,0.62627,0,174.52,480.28,208.78,62.627,0,1
2.805,0.57732,1.3424,1.2133,0,280.5,57.732,134.24,121.33,0,1
5.7823,5.5788,-2.4089,-0.056479,0,578.23,557.88,-240.89,-5.6479,0,1
3.8999,1.734,1.6011,0.96765,0,389.99,173.4,160.11,96.765,0,1
3.5189,6.332,-1.7791,-0.020273,0,351.89,633.2,-177.91,-2.0273,0,1
3.2294,7.7391,-0.37816,-2.5405,0,322.94,773.91,-37.816,-254.05,0,1
3.4985,3.1639,0.22677,-0.1651,0,349.85,316.39,22.677,-16.51,0,1
2.1948,1.3781,1.1582,0.85774,0,219.48,137.81,115.82,85.774,0,1
2.2526,9.9636,-3.1749,-2.9944,0,225.26,996.36,-317.49,-299.44,0,1
4.1529,-3.9358,2.8633,-0.017686,0,415.29,-393.58,286.33,-1.7686,0,1
0.74307,11.17,-1.3824,-4.0728,0,74.307,1117,-138.24,-407.28,0,1
1.9105,8.871,-2.3386,-0.75604,0,191.05,887.1,-233.86,-75.604,0,1
-1.5055,0.070346,6.8681,-0.50648,0,-150.55,7.0346,686.81,-50.648,0,1
0.58836,10.7727,-1.3884,-4.3276,0,58.836,1077.27,-138.84,-432.76,0,1
3.2303,7.8384,-3.5348,-1.2151,0,323.03,783.84,-353.48,-121.51,0,1
-1.9922,11.6542,2.6542,-5.2107,0,-199.22,1165.42,265.42,-521.07,0,1
2.8523,9.0096,-3.761,-3.3371,0,285.23,900.96,-376.1,-333.71,0,1
4.2772,2.4955,0.48554,0.36119,0,427.72,249.55,48.554,36.119,0,1
1.5099,0.039307,6.2332,-0.30346,0,150.99,3.9307,623.32,-30.346,0,1
5.4188,10.1457,-4.084,-3.6991,0,541.88,1014.57,-408.4,-369.91,0,1
0.86202,2.6963,4.2908,0.54739,0,86.202,269.63,429.08,54.739,0,1
3.8117,10.1457,-4.0463,-4.5629,0,381.17,1014.57,-404.63,-456.29,0,1
0.54777,10.3754,-1.5435,-4.1633,0,54.777,1037.54,-154.35,-416.33,0,1
2.3718,7.4908,0.015989,-1.7414,0,237.18,749.08,1.5989,-174.14,0,1
-2.4953,11.1472,1.9353,-3.4638,0,-249.53,1114.72,193.53,-346.38,0,1
4.6361,-2.6611,2.8358,1.1991,0,463.61,-266.11,283.58,119.91,0,1
-2.2527,11.5321,2.5899,-3.2737,0,-225.27,1153.21,258.99,-327.37,0,1
3.7982,10.423,-4.1602,-4.9728,0,379.82,1042.3,-416.02,-497.28,0,1
-0.36279,8.2895,-1.9213,-3.3332,0,-36.279,828.95,-192.13,-333.32,0,1
2.1265,6.8783,0.44784,-2.2224,0,212.65,687.83,44.784,-222.24,0,1
0.86736,5.5643,1.6765,-0.16769,0,86.736,556.43,167.65,-16.769,0,1
3.7831,10.0526,-3.8869,-3.7366,0,378.31,1005.26,-388.69,-373.66,0,1
-2.2623,12.1177,0.28846,-7.7581,0,-226.23,1211.77,28.846,-775.81,0,1
1.2616,4.4303,-1.3335,-1.7517,0,126.16,443.03,-133.35,-175.17,0,1
2.6799,3.1349,0.34073,0.58489,0,267.99,313.49,34.073,58.489,0,1
-0.39816,5.9781,1.3912,-1.1621,0,-39.816,597.81,139.12,-116.21,0,1
4.3937,0.35798,2.0416,1.2004,0,439.37,35.798,204.16,120.04,0,1
2.9695,5.6222,0.27561,-1.1556,0,296.95,562.22,27.561,-115.56,0,1
1.3049,-0.15521,6.4911,-0.75346,0,130.49,-15.521,649.11,-75.346,0,1
2.2123,-5.8395,7.7687,-0.85302,0,221.23,-583.95,776.87,-85.302,0,1
1.9647,6.9383,0.57722,0.66377,0,196.47,693.83,57.722,66.377,0,1
3.0864,-2.5845,2.2309,0.30947,0,308.64,-258.45,223.09,30.947,0,1
0.3798,0.7098,0.7572,-0.4444,0,37.98,70.98,75.72,-44.44,0,1
0.58982,7.4266,1.2353,-2.9595,0,58.982,742.66,123.53,-295.95,0,1
0.14783,7.946,1.0742,-3.3409,0,14.783,794.6,107.42,-334.09,0,1
-0.062025,6.1975,1.099,-1.131,0,-6.2025,619.75,109.9,-113.1,0,1
4.223,1.1319,0.72202,0.96118,0,422.3,113.19,72.202,96.118,0,1
0.64295,7.1018,0.3493,-0.41337,0,64.295,710.18,34.93,-41.337,0,1
1.941,0.46351,4.6472,1.0879,0,194.1,46.351,464.72,108.79,0,1
4.0047,0.45937,1.3621,1.6181,0,400.47,45.937,136.21,161.81,0,1
3.7767,9.7794,-3.9075,-3.5323,0,377.67,977.94,-390.75,-353.23,0,1
3.4769,-0.15314,2.53,2.4495,0,347.69,-15.314,253,244.95,0,1
1.9818,9.2621,-3.521,-1.872,0,198.18,926.21,-352.1,-187.2,0,1
3.8023,-3.8696,4.044,0.95343,0,380.23,-386.96,404.4,95.343,0,1
4.3483,11.1079,-4.0857,-4.2539,0,434.83,1110.79,-408.57,-425.39,0,1
1.1518,1.3864,5.2727,-0.43536,0,115.18,138.64,527.27,-43.536,0,1
-1.2576,1.5892,7.0078,0.42455,0,-125.76,158.92,700.78,42.455,0,1
1.9572,-5.1153,8.6127,-1.4297,0,195.72,-511.53,861.27,-142.97,0,1
-2.484,12.1611,2.8204,-3.7418,0,-248.4,1216.11,282.04,-374.18,0,1
-1.1497,1.2954,7.701,0.62627,0,-114.97,129.54,770.1,62.627,0,1
4.8368,10.0132,-4.3239,-4.3276,0,483.68,1001.32,-432.39,-432.76,0,1
-0.12196,8.8068,0.94566,-4.2267,0,-12.196,880.68,94.566,-422.67,0,1
1.9429,6.3961,0.092248,0.58102,0,194.29,639.61,9.2248,58.102,0,1
1.742,-4.809,8.2142,-2.0659,0,174.2,-480.9,821.42,-206.59,0,1
-1.5222,10.8409,2.7827,-4.0974,0,-152.22,1084.09,278.27,-409.74,0,1
-1.3,10.2678,-2.953,-5.8638,0,-130,1026.78,-295.3,-586.38,0,1
3.4246,-0.14693,0.80342,0.29136,0,342.46,-14.693,80.342,29.136,0,1
2.5503,-4.9518,6.3729,-0.41596,0,255.03,-495.18,637.29,-41.596,0,1
1.5691,6.3465,-0.1828,-2.4099,0,156.91,634.65,-18.28,-240.99,0,1
1.3087,4.9228,2.0013,0.22024,0,130.87,492.28,200.13,22.024,0,1
5.1776,8.2316,-3.2511,-1.5694,0,517.76,823.16,-325.11,-156.94,0,1
2.229,9.6325,-3.1123,-2.7164,0,222.9,963.25,-311.23,-271.64,0,1
5.6272,10.0857,-4.2931,-3.8142,0,562.72,1008.57,-429.31,-381.42,0,1
1.2138,8.7986,-2.1672,-0.74182,0,121.38,879.86,-216.72,-74.182,0,1
0.3798,0.7098,0.7572,-0.4444,0,37.98,70.98,75.72,-44.44,0,1
0.5415,6.0319,1.6825,-0.46122,0,54.15,603.19,168.25,-46.122,0,1
4.0524,5.6802,-1.9693,0.026279,0,405.24,568.02,-196.93,2.6279,0,1
4.7285,2.1065,-0.28305,1.5625,0,472.85,210.65,-28.305,156.25,0,1
3.4359,0.66216,2.1041,1.8922,0,343.59,66.216,210.41,189.22,0,1
0.86816,10.2429,-1.4912,-4.0082,0,86.816,1024.29,-149.12,-400.82,0,1
3.359,9.8022,-3.8209,-3.7133,0,335.9,980.22,-382.09,-371.33,0,1
3.6702,2.9942,0.85141,0.30688,0,367.02,299.42,85.141,30.688,0,1
1.3349,6.1189,0.46497,0.49826,0,133.49,611.89,46.497,49.826,0,1
3.1887,-3.4143,2.7742,-0.2026,0,318.87,-341.43,277.42,-20.26,0,1
2.4527,2.9653,0.20021,-0.056479,0,245.27,296.53,20.021,-5.6479,0,1
3.9121,2.9735,0.92852,0.60558,0,391.21,297.35,92.852,60.558,0,1
3.9364,10.5885,-3.725,-4.3133,0,393.64,1058.85,-372.5,-431.33,0,1
3.9414,-3.2902,3.1674,1.0866,0,394.14,-329.02,316.74,108.66,0,1
3.6922,-3.9585,4.3439,1.3517,0,369.22,-395.85,434.39,135.17,0,1
5.681,7.795,-2.6848,-0.92544,0,568.1,779.5,-268.48,-92.544,0,1
0.77124,9.0862,-1.2281,-1.4996,0,77.124,908.62,-122.81,-149.96,0,1
3.5761,9.7753,-3.9795,-3.4638,0,357.61,977.53,-397.95,-346.38,0,1
1.602,6.1251,0.52924,0.47886,0,160.2,612.51,52.924,47.886,0,1
2.6682,10.216,-3.4414,-4.0069,0,266.82,1021.6,-344.14,-400.69,0,1
2.0007,1.8644,2.6491,0.47369,0,200.07,186.44,264.91,47.369,0,1
0.64215,3.1287,4.2933,0.64696,0,64.215,312.87,429.33,64.696,0,1
4.3848,-3.0729,3.0423,1.2741,0,438.48,-307.29,304.23,127.41,0,1
0.77445,9.0552,-2.4089,-1.3884,0,77.445,905.52,-240.89,-138.84,0,1
0.96574,8.393,-1.361,-1.4659,0,96.574,839.3,-136.1,-146.59,0,1
3.0948,8.7324,-2.9007,-0.96682,0,309.48,873.24,-290.07,-96.682,0,1
4.9362,7.6046,-2.3429,-0.85302,0,493.62,760.46,-234.29,-85.302,0,1
-1.9458,11.2217,1.9079,-3.4405,0,-194.58,1122.17,190.79,-344.05,0,1
5.7403,-0.44284,0.38015,1.3763,0,574.03,-44.284,38.015,137.63,0,1
-2.6989,12.1984,0.67661,-8.5482,0,-269.89,1219.84,67.661,-854.82,0,1
1.1472,3.5985,1.9387,-0.43406,0,114.72,359.85,193.87,-43.406,0,1
2.9742,8.96,-2.9024,-1.0379,0,297.42,896,-290.24,-103.79,0,1
4.5707,7.2094,-3.2794,-1.4944,0,457.07,720.94,-327.94,-149.44,0,1
0.1848,6.5079,2.0133,-0.87242,0,18.48,650.79,201.33,-87.242,0,1
0.87256,9.2931,-0.7843,-2.1978,0,87.256,929.31,-78.43,-219.78,0,1
0.39559,6.8866,1.0588,-0.67587,0,39.559,688.66,105.88,-67.587,0,1
3.8384,6.1851,-2.0439,-0.033204,0,383.84,618.51,-204.39,-3.3204,0,1
2.8209,7.3108,-0.81857,-1.8784,0,282.09,731.08,-81.857,-187.84,0,1
2.5817,9.7546,-3.1749,-2.9957,0,258.17,975.46,-317.49,-299.57,0,1
3.8213,0.23175,2.0133,2.0564,0,382.13,23.175,201.33,205.64,0,1
0.3798,0.7098,0.7572,-0.4444,0,37.98,70.98,75.72,-44.44,0,1
3.4893,6.69,-1.2042,-0.38751,0,348.93,669,-120.42,-38.751,0,1
-1.7781,0.8546,7.1303,0.027572,0,-177.81,85.46,713.03,2.7572,0,1
2.0962,2.4769,1.9379,-0.040962,0,209.62,247.69,193.79,-4.0962,0,1
0.94732,-0.57113,7.1903,-0.67587,0,94.732,-57.113,719.03,-67.587,0,1
2.8261,9.4007,-3.3034,-1.0509,0,282.61,940.07,-330.34,-105.09,0,1
0.0071249,8.3661,0.50781,-3.8155,0,0.71249,836.61,50.781,-381.55,0,1
0.96788,7.1907,1.2798,-2.4565,0,96.788,719.07,127.98,-245.65,0,1
4.7432,2.1086,0.1368,1.6543,0,474.32,210.86,13.68,165.43,0,1
3.6575,7.2797,-2.2692,-1.144,0,365.75,727.97,-226.92,-114.4,0,1
3.8832,6.4023,-2.432,-0.98363,0,388.32,640.23,-243.2,-98.363,0,1
3.4776,8.811,-3.1886,-0.92285,0,347.76,881.1,-318.86,-92.285,0,1
1.1315,7.9212,1.093,-2.8444,0,113.15,792.12,109.3,-284.44,0,1
2.8237,2.8597,0.19678,0.57196,0,282.37,285.97,19.678,57.196,0,1
1.9321,6.0423,0.26019,-2.053,0,193.21,604.23,26.019,-205.3,0,1
3.0632,-3.3315,5.1305,0.8267,0,306.32,-333.15,513.05,82.67,0,1
-1.8411,10.8306,2.769,-3.0901,0,-184.11,1083.06,276.9,-309.01,0,1
2.8084,11.3045,-3.3394,-4.4194,0,280.84,1130.45,-333.94,-441.94,0,1
2.5698,-4.4076,5.9856,0.078002,0,256.98,-440.76,598.56,7.8002,0,1
-0.12624,10.3216,-3.7121,-6.1185,0,-12.624,1032.16,-371.21,-611.85,0,1
3.3756,-4.0951,4.367,1.0698,0,337.56,-409.51,436.7,106.98,0,1
-0.048008,-1.6037,8.4756,0.75558,0,-4.8008,-160.37,847.56,75.558,0,1
0.5706,-0.0248,1.2421,-0.5621,0,57.06,-2.48,124.21,-56.21,0,1
0.88444,6.5906,0.55837,-0.44182,0,88.444,659.06,55.837,-44.182,0,1
3.8644,3.7061,0.70403,0.35214,0,386.44,370.61,70.403,35.214,0,1
1.2999,2.5762,2.0107,-0.18967,0,129.99,257.62,201.07,-18.967,0,1
2.0051,-6.8638,8.132,-0.2401,0,200.51,-686.38,813.2,-24.01,0,1
4.9294,0.27727,0.20792,0.33662,0,492.94,27.727,20.792,33.662,0,1
2.8297,6.3485,-0.73546,-0.58665,0,282.97,634.85,-73.546,-58.665,0,1
2.565,8.633,-2.9941,-1.3082,0,256.5,863.3,-299.41,-130.82,0,1
2.093,8.3061,0.022844,-3.2724,0,209.3,830.61,2.2844,-327.24,0,1
4.6014,5.6264,-2.1235,0.19309,0,460.14,562.64,-212.35,19.309,0,1
5.0617,-0.35799,0.44698,0.99868,0,506.17,-35.799,44.698,99.868,0,1
-0.2951,9.0489,-0.52725,-2.0789,0,-29.51,904.89,-52.725,-207.89,0,1
3.577,2.4004,1.8908,0.73231,0,357.7,240.04,189.08,73.231,0,1
3.9433,2.5017,1.5215,0.903,0,394.33,250.17,152.15,90.3,0,1
2.6648,10.754,-3.3994,-4.1685,0,266.48,1075.4,-339.94,-416.85,0,1
5.9374,6.1664,-2.5905,-0.36553,0,593.74,616.64,-259.05,-36.553,0,1
2.0153,1.8479,3.1375,0.42843,0,201.53,184.79,313.75,42.843,0,1
5.8782,5.9409,-2.8544,-0.60863,0,587.82,594.09,-285.44,-60.863,0,1
-2.3983,12.606,2.9464,-5.7888,0,-239.83,1260.6,294.64,-578.88,0,1
1.762,4.3682,2.1384,0.75429,0,176.2,436.82,213.84,75.429,0,1
4.2406,-2.4852,1.608,0.7155,0,424.06,-248.52,160.8,71.55,0,1
3.4669,6.87,-1.0568,-0.73147,0,346.69,687,-105.68,-73.147,0,1
3.1896,5.7526,-0.18537,-0.30087,0,318.96,575.26,-18.537,-30.087,0,1
0.81356,9.1566,-2.1492,-4.1814,0,81.356,915.66,-214.92,-418.14,0,1
0.52855,0.96427,4.0243,-1.0483,0,52.855,96.427,402.43,-104.83,0,1
2.1319,-2.0403,2.5574,-0.061652,0,213.19,-204.03,255.74,-6.1652,0,1
0.33111,4.5731,2.057,-0.18967,0,33.111,457.31,205.7,-18.967,0,1
1.2746,8.8172,-1.5323,-1.7957,0,127.46,881.72,-153.23,-179.57,0,1
2.2091,7.4556,-1.3284,-3.3021,0,220.91,745.56,-132.84,-330.21,0,1
2.5328,7.528,-0.41929,-2.6478,0,253.28,752.8,-41.929,-264.78,0,1
3.6244,1.4609,1.3501,1.9284,0,362.44,146.09,135.01,192.84,0,1
-1.3885,12.5026,0.69118,-7.5487,0,-138.85,1250.26,69.118,-754.87,0,1
5.7227,5.8312,-2.4097,-0.24527,0,572.27,583.12,-240.97,-24.527,0,1
3.3583,10.3567,-3.7301,-3.6991,0,335.83,1035.67,-373.01,-369.91,0,1
2.5227,2.2369,2.7236,0.79438,0,252.27,223.69,272.36,79.438,0,1
0.045304,6.7334,1.0708,-0.9332,0,4.5304,673.34,107.08,-93.32,0,1
4.8278,7.7598,-2.4491,-1.2216,0,482.78,775.98,-244.91,-122.16,0,1
1.9476,-4.7738,8.527,-1.8668,0,194.76,-477.38,852.7,-186.68,0,1
2.7659,0.66216,4.1494,-0.28406,0,276.59,66.216,414.94,-28.406,0,1
-0.10648,-0.76771,7.7575,0.64179,0,-10.648,-76.771,775.75,64.179,0,1
0.72252,-0.053811,5.6703,-1.3509,0,72.252,-5.3811,567.03,-135.09,0,1
4.2475,1.4816,-0.48355,0.95343,0,424.75,148.16,-48.355,95.343,0,1
3.9772,0.33521,2.2566,2.1625,0,397.72,33.521,225.66,216.25,0,1
3.6667,4.302,0.55923,0.33791,0,366.67,430.2,55.923,33.791,0,1
2.8232,10.8513,-3.1466,-3.9784,0,282.32,1085.13,-314.66,-397.84,0,1
-1.4217,11.6542,-0.057699,-7.1025,0,-142.17,1165.42,-5.7699,-710.25,0,1
4.2458,1.1981,0.66633,0.94696,0,424.58,119.81,66.633,94.696,0,1
4.1038,-4.8069,3.3491,-0.49225,0,410.38,-480.69,334.91,-49.225,0,1
1.4507,8.7903,-2.2324,-0.65259,0,145.07,879.03,-223.24,-65.259,0,1
3.4647,-3.9172,3.9746,0.36119,0,346.47,-391.72,397.46,36.119,0,1
1.8533,6.1458,1.0176,-2.0401,0,185.33,614.58,101.76,-204.01,0,1
3.5288,0.71596,1.9507,1.9375,0,352.88,71.596,195.07,193.75,0,1
3.9719,1.0367,0.75973,1.0013,0,397.19,103.67,75.973,100.13,0,1
3.534,9.3614,-3.6316,-1.2461,0,353.4,936.14,-363.16,-124.61,0,1
3.6894,9.887,-4.0788,-4.3664,0,368.94,988.7,-407.88,-436.64,0,1
3.0672,-4.4117,3.8238,-0.81682,0,306.72,-441.17,382.38,-81.682,0,1
2.6463,-4.8152,6.3549,0.003003,0,264.63,-481.52,635.49,0.3003,0,1
2.2893,3.733,0.6312,-0.39786,0,228.93,373.3,63.12,-39.786,0,1
1.5673,7.9274,-0.056842,-2.1694,0,156.73,792.74,-5.6842,-216.94,0,1
4.0405,0.51524,1.0279,1.106,0,404.05,51.524,102.79,110.6,0,1
4.3846,-4.8794,3.3662,-0.029324,0,438.46,-487.94,336.62,-2.9324,0,1
2.0165,-0.25246,5.1707,1.0763,0,201.65,-25.246,517.07,107.63,0,1
4.0446,11.1741,-4.3582,-4.7401,0,404.46,1117.41,-435.82,-474.01,0,1
-0.33729,-0.64976,7.6659,0.72326,0,-33.729,-64.976,766.59,72.326,0,1
-2.4604,12.7302,0.91738,-7.6418,0,-246.04,1273.02,91.738,-764.18,0,1
4.1195,10.9258,-3.8929,-4.1802,0,411.95,1092.58,-389.29,-418.02,0,1
2.0193,0.82356,4.6369,1.4202,0,201.93,82.356,463.69,142.02,0,1
1.5701,7.9129,0.29018,-2.1953,0,157.01,791.29,29.018,-219.53,0,1
2.6415,7.586,-0.28562,-1.6677,0,264.15,758.6,-28.562,-166.77,0,1
5.0214,8.0764,-3.0515,-1.7155,0,502.14,807.64,-305.15,-171.55,0,1
4.3435,3.3295,0.83598,0.64955,0,434.35,332.95,83.598,64.955,0,1
1.8238,-6.7748,8.3873,-0.54139,0,182.38,-677.48,838.73,-54.139,0,1
3.9382,0.9291,0.78543,0.6767,0,393.82,92.91,78.543,67.67,0,1
2.2517,-5.1422,4.2916,-1.2487,0,225.17,-514.22,429.16,-124.87,0,1
5.504,10.3671,-4.413,-4.0211,0,550.4,1036.71,-441.3,-402.11,0,1
2.8521,9.171,-3.6461,-1.2047,0,285.21,917.1,-364.61,-120.47,0,1
1.1676,9.1566,-2.0867,-0.80647,0,116.76,915.66,-208.67,-80.647,0,1
2.6104,8.0081,-0.23592,-1.7608,0,261.04,800.81,-23.592,-176.08,0,1
0.32444,10.067,-1.1982,-4.1284,0,32.444,1006.7,-119.82,-412.84,0,1
3.8962,-4.7904,3.3954,-0.53751,0,389.62,-479.04,339.54,-53.751,0,1
2.1752,-0.8091,5.1022,-0.67975,0,217.52,-80.91,510.22,-67.975,0,1
1.1588,8.9331,-2.0807,-1.1272,0,115.88,893.31,-208.07,-112.72,0,1
4.7072,8.2957,-2.5605,-1.4905,0,470.72,829.57,-256.05,-149.05,0,1
-1.9667,11.8052,-0.40472,-7.8719,0,-196.67,1180.52,-40.472,-787.19,0,1
4.0552,0.40143,1.4563,0.65343,0,405.52,40.143,145.63,65.343,0,1
2.3678,-6.839,8.4207,-0.44829,0,236.78,-683.9,842.07,-44.829,0,1
0.33565,6.8369,0.69718,-0.55691,0,33.565,683.69,69.718,-55.691,0,1
4.3398,-5.3036,3.8803,-0.70432,0,433.98,-530.36,388.03,-70.432,0,1
1.5456,8.5482,0.4187,-2.1784,0,154.56,854.82,41.87,-217.84,0,1
1.4276,8.3847,-2.0995,-1.9677,0,142.76,838.47,-209.95,-196.77,0,1
-0.27802,8.1881,-3.1338,-2.5276,0,-27.802,818.81,-313.38,-252.76,0,1
0.93611,8.6413,-1.6351,-1.3043,0,93.611,864.13,-163.51,-130.43,0,1
4.6352,-3.0087,2.6773,1.212,0,463.52,-300.87,267.73,121.2,0,1
1.5268,-5.5871,8.6564,-1.722,0,152.68,-558.71,865.64,-172.2,0,1
0.95626,2.4728,4.4578,0.21636,0,95.626,247.28,445.78,21.636,0,1
-2.7914,1.7734,6.7756,-0.39915,0,-279.14,177.34,677.56,-39.915,0,1
5.2032,3.5116,-1.2538,1.0129,0,520.32,351.16,-125.38,101.29,0,1
3.1836,7.2321,-1.0713,-2.5909,0,318.36,723.21,-107.13,-259.09,0,1
0.65497,5.1815,1.0673,-0.42113,0,65.497,518.15,106.73,-42.113,0,1
5.6084,10.3009,-4.8003,-4.3534,0,560.84,1030.09,-480.03,-435.34,0,1
1.105,7.4432,0.41099,-3.0332,0,110.5,744.32,41.099,-303.32,0,1
3.9292,-2.9156,2.2129,0.30817,0,392.92,-291.56,221.29,30.817,0,1
1.1558,6.4003,1.5506,0.6961,0,115.58,640.03,155.06,69.61,0,1
2.5581,2.6218,1.8513,0.40257,0,255.81,262.18,185.13,40.257,0,1
2.7831,10.9796,-3.557,-4.4039,0,278.31,1097.96,-355.7,-440.39,0,1
3.7635,2.7811,0.66119,0.34179,0,376.35,278.11,66.119,34.179,0,1
-2.6479,10.1374,-1.331,-5.4707,0,-264.79,1013.74,-133.1,-547.07,0,1
1.0652,8.3682,-1.4004,-1.6509,0,106.52,836.82,-140.04,-165.09,0,1
-1.4275,11.8797,0.41613,-6.9978,0,-142.75,1187.97,41.613,-699.78,0,1
5.7456,10.1808,-4.7857,-4.3366,0,574.56,1018.08,-478.57,-433.66,0,1
5.086,3.2798,-1.2701,1.1189,0,508.6,327.98,-127.01,111.89,0,1
3.4092,5.4049,-2.5228,-0.89958,0,340.92,540.49,-252.28,-89.958,0,1
-0.2361,9.3221,2.1307,-4.3793,0,-23.61,932.21,213.07,-437.93,0,1
3.8197,8.9951,-4.383,-4.0327,0,381.97,899.51,-438.3,-403.27,0,1
-1.1391,1.8127,6.9144,0.70127,0,-113.91,181.27,691.44,70.127,0,1
4.9249,0.68906,0.77344,1.2095,0,492.49,68.906,77.344,120.95,0,1
2.5089,6.841,-0.029423,0.44912,0,250.89,684.1,-2.9423,44.912,0,1
-0.2062,9.2207,-3.7044,-6.8103,0,-20.62,922.07,-370.44,-681.03,0,1
3.946,6.8514,-1.5443,-0.5582,0,394.6,685.14,-154.43,-55.82,0,1
-0.278,8.1881,-3.1338,-2.5276,0,-27.8,818.81,-313.38,-252.76,0,1
1.8592,3.2074,-0.15966,-0.26208,0,185.92,320.74,-15.966,-26.208,0,1
0.56953,7.6294,1.5754,-3.2233,0,56.953,762.94,157.54,-322.33,0,1
3.4626,-4.449,3.5427,0.15429,0,346.26,-444.9,354.27,15.429,0,1
3.3951,1.1484,2.1401,2.0862,0,339.51,114.84,214.01,208.62,0,1
5.0429,-0.52974,0.50439,1.106,0,504.29,-52.974,50.439,110.6,0,1
3.7758,7.1783,-1.5195,0.40128,0,377.58,717.83,-151.95,40.128,0,1
4.6562,7.6398,-2.4243,-1.2384,0,465.62,763.98,-242.43,-123.84,0,1
4.0948,-2.9674,2.3689,0.75429,0,409.48,-296.74,236.89,75.429,0,1
1.8384,6.063,0.54723,0.51248,0,183.84,606.3,54.723,51.248,0,1
2.0153,0.43661,4.5864,-0.3151,0,201.53,43.661,458.64,-31.51,0,1
3.5251,0.7201,1.6928,0.64438,0,352.51,72.01,169.28,64.438,0,1
3.757,-5.4236,3.8255,-1.2526,0,375.7,-542.36,382.55,-125.26,0,1
2.5989,3.5178,0.7623,0.81119,0,259.89,351.78,76.23,81.119,0,1
1.8994,0.97462,4.2265,0.81377,0,189.94,97.462,422.65,81.377,0,1
3.6941,-3.9482,4.2625,1.1577,0,369.41,-394.82,426.25,115.77,0,1
4.4295,-2.3507,1.7048,0.90946,0,442.95,-235.07,170.48,90.946,0,1
6.8248,5.2187,-2.5425,0.5461,0,682.48,521.87,-254.25,54.61,0,1
1.8967,-2.5163,2.8093,-0.79742,0,189.67,-251.63,280.93,-79.742,0,1
2.1526,-6.1665,8.0831,-0.34355,0,215.26,-616.65,808.31,-34.355,0,1
3.3004,7.0811,-1.3258,0.22283,0,330.04,708.11,-132.58,22.283,0,1
2.7213,7.05,-0.58808,0.41809,0,272.13,705,-58.808,41.809,0,1
3.8846,-3.0336,2.5334,0.20214,0,388.46,-303.36,253.34,20.214,0,1
4.1665,-0.4449,0.23448,0.27843,0,416.65,-44.49,23.448,27.843,0,1
0.94225,5.8561,1.8762,-0.32544,0,94.225,585.61,187.62,-32.544,0,1
5.1321,-0.031048,0.32616,1.1151,0,513.21,-3.1048,32.616,111.51,0,1
0.38251,6.8121,1.8128,-0.61251,0,38.251,681.21,181.28,-61.251,0,1
3.0333,-2.5928,2.3183,0.303,0,303.33,-259.28,231.83,30.3,0,1
2.9233,6.0464,-0.11168,-0.58665,0,292.33,604.64,-11.168,-58.665,0,1
1.162,10.2926,-1.2821,-4.0392,0,116.2,1029.26,-128.21,-403.92,0,1
3.7791,2.5762,1.3098,0.5655,0,377.91,257.62,130.98,56.55,0,1
0.77765,5.9781,1.1941,-0.3526,0,77.765,597.81,119.41,-35.26,0,1
-0.38388,-1.0471,8.0514,0.49567,0,-38.388,-104.71,805.14,49.567,0,1
0.21084,9.4359,-0.094543,-1.859,0,21.084,943.59,-9.4543,-185.9,0,1
2.9571,-4.5938,5.9068,0.57196,0,295.71,-459.38,590.68,57.196,0,1
4.6439,-3.3729,2.5976,0.55257,0,464.39,-337.29,259.76,55.257,0,1
3.3577,-4.3062,6.0241,0.18274,0,335.77,-430.62,602.41,18.274,0,1
3.5127,2.9073,1.0579,0.40774,0,351.27,290.73,105.79,40.774,0,1
2.6562,10.7044,-3.3085,-4.0767,0,265.62,1070.44,-330.85,-407.67,0,1
-1.3612,10.694,1.7022,-2.9026,0,-136.12,1069.4,170.22,-290.26,0,1
-0.278,8.1881,-3.1338,-2.5276,0,-27.8,818.81,-313.38,-252.76,0,1
1.04,-6.9321,8.2888,-1.2991,0,104,-693.21,828.88,-129.91,0,1
2.1881,2.7356,1.3278,-0.1832,0,218.81,273.56,132.78,-18.32,0,1
4.2756,-2.6528,2.1375,0.94437,0,427.56,-265.28,213.75,94.437,0,1
-0.11996,6.8741,0.91995,-0.6694,0,-11.996,687.41,91.995,-66.94,0,1
2.9736,8.7944,-3.6359,-1.3754,0,297.36,879.44,-363.59,-137.54,0,1
3.7798,-3.3109,2.6491,0.066365,0,377.98,-331.09,264.91,6.6365,0,1
5.3586,3.7557,-1.7345,1.0789,0,535.86,375.57,-173.45,107.89,0,1
1.8373,6.1292,0.84027,0.55257,0,183.73,612.92,84.027,55.257,0,1
1.2262,0.89599,5.7568,-0.11596,0,122.62,89.599,575.68,-11.596,0,1
-0.048008,-0.56078,7.7215,0.453,0,-4.8008,-56.078,772.15,45.3,0,1
0.5706,-0.024841,1.2421,-0.56208,0,57.06,-2.4841,124.21,-56.208,0,1
4.3634,0.46351,1.4281,2.0202,0,436.34,46.351,142.81,202.02,0,1
3.482,-4.1634,3.5008,-0.078462,0,348.2,-416.34,350.08,-7.8462,0,1
0.51947,-3.2633,3.0895,-0.98492,0,51.947,-326.33,308.95,-98.492,0,1
2.3164,-2.628,3.1529,-0.08622,0,231.64,-262.8,315.29,-8.622,0,1
-1.8348,11.0334,3.1863,-4.8888,0,-183.48,1103.34,318.63,-488.88,0,1
1.3754,8.8793,-1.9136,-0.53751,0,137.54,887.93,-191.36,-53.751,0,1
-0.16682,5.8974,0.49839,-0.70044,0,-16.682,589.74,49.839,-70.044,0,1
0.29961,7.1328,-0.31475,-1.1828,0,29.961,713.28,-31.475,-118.28,0,1
0.25035,9.3262,-3.6873,-6.2543,0,25.035,932.62,-368.73,-625.43,0,1
2.4673,1.3926,1.7125,0.41421,0,246.73,139.26,171.25,41.421,0,1
0.77805,6.6424,-1.1425,-1.0573,0,77.805,664.24,-114.25,-105.73,0,1
3.4465,2.9508,1.0271,0.5461,0,344.65,295.08,102.71,54.61,0,1
2.2429,-4.1427,5.2333,-0.40173,0,224.29,-414.27,523.33,-40.173,0,1
3.7321,-3.884,3.3577,-0.0060486,0,373.21,-388.4,335.77,-0.60486,0,1
4.3365,-3.584,3.6884,0.74912,0,433.65,-358.4,368.84,74.912,0,1
-2.0759,10.8223,2.6439,-4.837,0,-207.59,1082.23,264.39,-483.7,0,1
4.0715,7.6398,-2.0824,-1.1698,0,407.15,763.98,-208.24,-116.98,0,1
0.76163,5.8209,1.1959,-0.64613,0,76.163,582.09,119.59,-64.613,0,1
-0.53966,7.3273,0.46583,-1.4543,0,-53.966,732.73,46.583,-145.43,0,1
2.6213,5.7919,0.065686,-1.5759,0,262.13,579.19,6.5686,-157.59,0,1
3.0242,-3.3378,2.5865,-0.54785,0,302.42,-333.78,258.65,-54.785,0,1
5.8519,5.3905,-2.4037,-0.061652,0,585.19,539.05,-240.37,-6.1652,0,1
0.5706,-0.0248,1.2421,-0.5621,0,57.06,-2.48,124.21,-56.21,0,1
3.9771,11.1513,-3.9272,-4.3444,0,397.71,1115.13,-392.72,-434.44,0,1
1.5478,9.1814,-1.6326,-1.7375,0,154.78,918.14,-163.26,-173.75,0,1
0.74054,0.36625,2.1992,0.48403,0,74.054,36.625,219.92,48.403,0,1
0.49571,10.2243,-1.097,-4.0159,0,49.571,1022.43,-109.7,-401.59,0,1
1.645,7.8612,-0.87598,-3.5569,0,164.5,786.12,-87.598,-355.69,0,1
3.6077,6.8576,-1.1622,0.28231,0,360.77,685.76,-116.22,28.231,0,1
3.2403,-3.7082,5.2804,0.41291,0,324.03,-370.82,528.04,41.291,0,1
3.9166,10.2491,-4.0926,-4.4659,0,391.66,1024.91,-409.26,-446.59,0,1
3.9262,6.0299,-2.0156,-0.065531,0,392.62,602.99,-201.56,-6.5531,0,1
5.591,10.4643,-4.3839,-4.3379,0,559.1,1046.43,-438.39,-433.79,0,1
3.7522,-3.6978,3.9943,1.3051,0,375.22,-369.78,399.43,130.51,0,1
1.3114,4.5462,2.2935,0.22541,0,131.14,454.62,229.35,22.541,0,1
3.7022,6.9942,-1.8511,-0.12889,0,370.22,699.42,-185.11,-12.889,0,1
4.364,-3.1039,2.3757,0.78532,0,436.4,-310.39,237.57,78.532,0,1
3.5829,1.4423,1.0219,1.4008,0,358.29,144.23,102.19,140.08,0,1
4.65,-4.8297,3.4553,-0.25174,0,465,-482.97,345.53,-25.174,0,1
5.1731,3.9606,-1.983,0.40774,0,517.31,396.06,-198.3,40.774,0,1
3.2692,3.4184,0.20706,-0.066824,0,326.92,341.84,20.706,-6.6824,0,1
2.4012,1.6223,3.0312,0.71679,0,240.12,162.23,303.12,71.679,0,1
1.7257,-4.4697,8.2219,-1.8073,0,172.57,-446.97,822.19,-180.73,0,1
4.7965,6.9859,-1.9967,-0.35001,0,479.65,698.59,-199.67,-35.001,0,1
4.0962,10.1891,-3.9323,-4.1827,0,409.62,1018.91,-393.23,-418.27,0,1
2.5559,3.3605,2.0321,0.26809,0,255.59,336.05,203.21,26.809,0,1
3.4916,8.5709,-3.0326,-0.59182,0,349.16,857.09,-303.26,-59.182,0,1
0.5195,-3.2633,3.0895,-0.9849,0,51.95,-326.33,308.95,-98.49,0,1
2.9856,7.2673,-0.409,-2.2431,0,298.56,726.73,-40.9,-224.31,0,1
4.0932,5.4132,-1.8219,0.23576,0,409.32,541.32,-182.19,23.576,0,1
1.7748,-0.76978,5.5854,1.3039,0,177.48,-76.978,558.54,130.39,0,1
5.2012,0.32694,0.17965,1.1797,0,520.12,32.694,17.965,117.97,0,1
-0.45062,-1.3678,7.0858,-0.40303,0,-45.062,-136.78,708.58,-40.303,0,1
4.8451,8.1116,-2.9512,-1.4724,0,484.51,811.16,-295.12,-147.24,0,1
0.74841,7.2756,1.1504,-0.5388,0,74.841,727.56,115.04,-53.88,0,1
5.1213,8.5565,-3.3917,-1.5474,0,512.13,855.65,-339.17,-154.74,0,1
3.6181,-3.7454,2.8273,-0.71208,0,361.81,-374.54,282.73,-71.208,0,1
0.040498,8.5234,1.4461,-3.9306,0,4.0498,852.34,144.61,-393.06,0,1
-2.6479,10.1374,-1.331,-5.4707,0,-264.79,1013.74,-133.1,-547.07,0,1
0.37984,0.70975,0.75716,-0.44441,0,37.984,70.975,75.716,-44.441,0,1
-0.95923,0.091039,6.2204,-1.4828,0,-95.923,9.1039,622.04,-148.28,0,1
2.8672,10.0008,-3.2049,-3.1095,0,286.72,1000.08,-320.49,-310.95,0,1
1.0182,9.109,-0.62064,-1.7129,0,101.82,910.9,-62.064,-171.29,0,1
-2.7143,11.4535,2.1092,-3.9629,0,-271.43,1145.35,210.92,-396.29,0,1
3.8244,-3.1081,2.4537,0.52024,0,382.44,-310.81,245.37,52.024,0,1
2.7961,2.121,1.8385,0.38317,0,279.61,212.1,183.85,38.317,0,1
3.5358,6.7086,-0.81857,0.47886,0,353.58,670.86,-81.857,47.886,0,1
-0.7056,8.7241,2.2215,-4.5965,0,-70.56,872.41,222.15,-459.65,0,1
4.1542,7.2756,-2.4766,-1.2099,0,415.42,727.56,-247.66,-120.99,0,1
0.92703,9.4318,-0.66263,-1.6728,0,92.703,943.18,-66.263,-167.28,0,1
1.8216,-6.4748,8.0514,-0.41855,0,182.16,-647.48,805.14,-41.855,0,1
-2.4473,12.6247,0.73573,-7.6612,0,-244.73,1262.47,73.573,-766.12,0,1
3.5862,-3.0957,2.8093,0.24481,0,358.62,-309.57,280.93,24.481,0,1
0.66191,9.6594,-0.28819,-1.6638,0,66.191,965.94,-28.819,-166.38,0,1
4.7926,1.7071,-0.051701,1.4926,0,479.26,170.71,-5.1701,149.26,0,1
4.9852,8.3516,-2.5425,-1.2823,0,498.52,835.16,-254.25,-128.23,0,1
0.75736,3.0294,2.9164,-0.068117,0,75.736,302.94,291.64,-6.8117,0,1
4.6499,7.6336,-1.9427,-0.37458,0,464.99,763.36,-194.27,-37.458,0,1
-0.023579,7.1742,0.78457,-0.75734,0,-2.3579,717.42,78.457,-75.734,0,1
0.85574,0.0082678,6.6042,-0.53104,0,85.574,0.82678,660.42,-53.104,0,1
0.88298,0.66009,6.0096,-0.43277,0,88.298,66.009,600.96,-43.277,0,1
4.0422,-4.391,4.7466,1.137,0,404.22,-439.1,474.66,113.7,0,1
2.2546,8.0992,-0.24877,-3.2698,0,225.46,809.92,-24.877,-326.98,0,1
0.38478,6.5989,-0.3336,-0.56466,0,38.478,659.89,-33.36,-56.466,0,1
3.1541,-5.1711,6.5991,0.57455,0,315.41,-517.11,659.91,57.455,0,1
2.3969,0.23589,4.8477,1.437,0,239.69,23.589,484.77,143.7,0,1
4.7114,2.0755,-0.2702,1.2379,0,471.14,207.55,-27.02,123.79,0,1
4.0127,10.1477,-3.9366,-4.0728,0,401.27,1014.77,-393.66,-407.28,0,1
2.6606,3.1681,1.9619,0.18662,0,266.06,316.81,196.19,18.662,0,1
3.931,1.8541,-0.023425,1.2314,0,393.1,185.41,-2.3425,123.14,0,1
0.01727,8.693,1.3989,-3.9668,0,1.727,869.3,139.89,-396.68,0,1
3.2414,0.40971,1.4015,1.1952,0,324.14,40.971,140.15,119.52,0,1
2.2504,3.5757,0.35273,0.2836,0,225.04,357.57,35.273,28.36,0,1
-1.3971,3.3191,-1.3927,-1.9948,1,-139.71,331.91,-139.27,-199.48,100,1
0.39012,-0.14279,-0.031994,0.35084,1,39.012,-14.279,-3.1994,35.084,100,1
-1.6677,-7.1535,7.8929,0.96765,1,-166.77,-715.35,789.29,96.765,100,1
-3.8483,-12.8047,15.6824,-1.281,1,-384.83,-1280.47,1568.24,-128.1,100,1
-3.5681,-8.213,10.083,0.96765,1,-356.81,-821.3,1008.3,96.765,100,1
-2.2804,-0.30626,1.3347,1.3763,1,-228.04,-30.626,133.47,137.63,100,1
-1.7582,2.7397,-2.5323,-2.234,1,-175.82,273.97,-253.23,-223.4,100,1
-0.89409,3.1991,-1.8219,-2.9452,1,-89.409,319.91,-182.19,-294.52,100,1
0.3434,0.12415,-0.28733,0.14654,1,34.34,12.415,-28.733,14.654,100,1
-0.9854,-6.661,5.8245,0.5461,1,-98.54,-666.1,582.45,54.61,100,1
-2.4115,-9.1359,9.3444,-0.65259,1,-241.15,-913.59,934.44,-65.259,100,1
-1.5252,-6.2534,5.3524,0.59912,1,-152.52,-625.34,535.24,59.912,100,1
-0.61442,-0.091058,-0.31818,0.50214,1,-61.442,-9.1058,-31.818,50.214,100,1
-0.36506,2.8928,-3.6461,-3.0603,1,-36.506,289.28,-364.61,-306.03,100,1
-5.9034,6.5679,0.67661,-6.6797,1,-590.34,656.79,67.661,-667.97,100,1
-1.8215,2.7521,-0.72261,-2.353,1,-182.15,275.21,-72.261,-235.3,100,1
-0.77461,-1.8768,2.4023,1.1319,1,-77.461,-187.68,240.23,113.19,100,1
-1.8187,-9.0366,9.0162,-0.12243,1,-181.87,-903.66,901.62,-12.243,100,1
-3.5801,-12.9309,13.1779,-2.5677,1,-358.01,-1293.09,1317.79,-256.77,100,1
-1.8219,-6.8824,5.4681,0.057313,1,-182.19,-688.24,546.81,5.7313,100,1
-0.3481,-0.38696,-0.47841,0.62627,1,-34.81,-38.696,-47.841,62.627,100,1
0.47368,3.3605,-4.5064,-4.0431,1,47.368,336.05,-450.64,-404.31,100,1
-3.4083,4.8587,-0.76888,-4.8668,1,-340.83,485.87,-76.888,-486.68,100,1
-1.6662,-0.30005,1.4238,0.024986,1,-166.62,-30.005,142.38,2.4986,100,1
-2.0962,-7.1059,6.6188,-0.33708,1,-209.62,-710.59,661.88,-33.708,100,1
-2.6685,-10.4519,9.1139,-1.7323,1,-266.85,-1045.19,911.39,-173.23,100,1
-0.47465,-4.3496,1.9901,0.7517,1,-47.465,-434.96,199.01,75.17,100,1
1.0552,1.1857,-2.6411,0.11033,1,105.52,118.57,-264.11,11.033,100,1
1.1644,3.8095,-4.9408,-4.0909,1,116.44,380.95,-494.08,-409.09,100,1
-4.4779,7.3708,-0.31218,-6.7754,1,-447.79,737.08,-31.218,-677.54,100,1
-2.7338,0.45523,2.4391,0.21766,1,-273.38,45.523,243.91,21.766,100,1
-2.286,-5.4484,5.8039,0.88231,1,-228.6,-544.84,580.39,88.231,100,1
-1.6244,-6.3444,4.6575,0.16981,1,-162.44,-634.44,465.75,16.981,100,1
0.50813,0.47799,-1.9804,0.57714,1,50.813,47.799,-198.04,57.714,100,1
1.6408,4.2503,-4.9023,-2.6621,1,164.08,425.03,-490.23,-266.21,100,1
0.81583,4.84,-5.2613,-6.0823,1,81.583,484,-526.13,-608.23,100,1
-5.4901,9.1048,-0.38758,-5.9763,1,-549.01,910.48,-38.758,-597.63,100,1
-3.2238,2.7935,0.32274,-0.86078,1,-322.38,279.35,32.274,-86.078,100,1
-2.0631,-1.5147,1.219,0.44524,1,-206.31,-151.47,121.9,44.524,100,1
-0.91318,-2.0113,-0.19565,0.066365,1,-91.318,-201.13,-19.565,6.6365,100,1
0.6005,1.9327,-3.2888,-0.32415,1,60.05,193.27,-328.88,-32.415,100,1
0.91315,3.3377,-4.0557,-1.6741,1,91.315,333.77,-405.57,-167.41,100,1
-0.28015,3.0729,-3.3857,-2.9155,1,-28.015,307.29,-338.57,-291.55,100,1
-3.6085,3.3253,-0.51954,-3.5737,1,-360.85,332.53,-51.954,-357.37,100,1
-6.2003,8.6806,0.0091344,-3.703,1,-620.03,868.06,0.91344,-370.3,100,1
-4.2932,3.3419,0.77258,-0.99785,1,-429.32,334.19,77.258,-99.785,100,1
-3.0265,-0.062088,0.68604,-0.055186,1,-302.65,-6.2088,68.604,-5.5186,100,1
-1.7015,-0.010356,-0.99337,-0.53104,1,-170.15,-1.0356,-99.337,-53.104,100,1
-0.64326,2.4748,-2.9452,-1.0276,1,-64.326,247.48,-294.52,-102.76,100,1
-0.86339,1.9348,-2.3729,-1.0897,1,-86.339,193.48,-237.29,-108.97,100,1
-2.0659,1.0512,-0.46298,-1.0974,1,-206.59,105.12,-46.298,-109.74,100,1
-2.1333,1.5685,-0.084261,-1.7453,1,-213.33,156.85,-8.4261,-174.53,100,1
-1.2568,-1.4733,2.8718,0.44653,1,-125.68,-147.33,287.18,44.653,100,1
-3.1128,-6.841,10.7402,-1.0172,1,-311.28,-684.1,1074.02,-101.72,100,1
-4.8554,-5.9037,10.9818,-0.82199,1,-485.54,-590.37,1098.18,-82.199,100,1
-2.588,3.8654,-0.3336,-1.2797,1,-258.8,386.54,-33.36,-127.97,100,1
0.24394,1.4733,-1.4192,-0.58535,1,24.394,147.33,-141.92,-58.535,100,1
-1.5322,-5.0966,6.6779,0.17498,1,-153.22,-509.66,667.79,17.498,100,1
-4.0025,-13.4979,17.6772,-3.3202,1,-400.25,-1349.79,1767.72,-332.02,100,1
-4.0173,-8.3123,12.4547,-1.4375,1,-401.73,-831.23,1245.47,-143.75,100,1
-3.0731,-0.53181,2.3877,0.77627,1,-307.31,-53.181,238.77,77.627,100,1
-1.979,3.2301,-1.3575,-2.5819,1,-197.9,323.01,-135.75,-258.19,100,1
-0.4294,-0.14693,0.044265,-0.15605,1,-42.94,-14.693,4.4265,-15.605,100,1
-2.234,-7.0314,7.4936,0.61334,1,-223.4,-703.14,749.36,61.334,100,1
-4.211,-12.4736,14.9704,-1.3884,1,-421.1,-1247.36,1497.04,-138.84,100,1
-3.8073,-8.0971,10.1772,0.65084,1,-380.73,-809.71,1017.72,65.084,100,1
-2.5912,-0.10554,1.2798,1.0414,1,-259.12,-10.554,127.98,104.14,100,1
-2.2482,3.0915,-2.3969,-2.6711,1,-224.82,309.15,-239.69,-267.11,100,1
-1.4427,3.2922,-1.9702,-3.4392,1,-144.27,329.22,-197.02,-343.92,100,1
-0.39416,-0.020702,-0.066267,-0.44699,1,-39.416,-2.0702,-6.6267,-44.699,100,1
-1.522,-6.6383,5.7491,-0.10691,1,-152.2,-663.83,574.91,-10.691,100,1
-2.8267,-9.0407,9.0694,-0.98233,1,-282.67,-904.07,906.94,-98.233,100,1
-1.7263,-6.0237,5.2419,0.29524,1,-172.63,-602.37,524.19,29.524,100,1
-0.94255,0.039307,-0.24192,0.31593,1,-94.255,3.9307,-24.192,31.593,100,1
-0.89569,3.0025,-3.6067,-3.4457,1,-89.569,300.25,-360.67,-344.57,100,1
-6.2815,6.6651,0.52581,-7.0107,1,-628.15,666.51,52.581,-701.07,100,1
-2.3211,3.166,-1.0002,-2.7151,1,-232.11,316.6,-100.02,-271.51,100,1
-1.3414,-2.0776,2.8093,0.60688,1,-134.14,-207.76,280.93,60.688,100,1
-2.258,-9.3263,9.3727,-0.85949,1,-225.8,-932.63,937.27,-85.949,100,1
-3.8858,-12.8461,12.7957,-3.1353,1,-388.58,-1284.61,1279.57,-313.53,100,1
-1.8969,-6.7893,5.2761,-0.32544,1,-189.69,-678.93,527.61,-32.544,100,1
-0.52645,-0.24832,-0.45613,0.41938,1,-52.645,-24.832,-45.613,41.938,100,1
0.0096613,3.5612,-4.407,-4.4103,1,0.96613,356.12,-440.7,-441.03,100,1
-3.8826,4.898,-0.92311,-5.0801,1,-388.26,489.8,-92.311,-508.01,100,1
-2.1405,-0.16762,1.321,-0.20906,1,-214.05,-16.762,132.1,-20.906,100,1
-2.4824,-7.3046,6.839,-0.59053,1,-248.24,-730.46,683.9,-59.053,100,1
-2.9098,-10.0712,8.4156,-1.9948,1,-290.98,-1007.12,841.56,-199.48,100,1
-0.60975,-4.002,1.8471,0.6017,1,-60.975,-400.2,184.71,60.17,100,1
0.83625,1.1071,-2.4706,-0.062945,1,83.625,110.71,-247.06,-6.2945,100,1
0.60731,3.9544,-4.772,-4.4853,1,60.731,395.44,-477.2,-448.53,100,1
-4.8861,7.0542,-0.17252,-6.959,1,-488.61,705.42,-17.252,-695.9,100,1
-3.1366,0.42212,2.6225,-0.064238,1,-313.66,42.212,262.25,-6.4238,100,1
-2.5754,-5.6574,6.103,0.65214,1,-257.54,-565.74,610.3,65.214,100,1
-1.8782,-6.5865,4.8486,-0.021566,1,-187.82,-658.65,484.86,-2.1566,100,1
0.24261,0.57318,-1.9402,0.44007,1,24.261,57.318,-194.02,44.007,100,1
1.296,4.2855,-4.8457,-2.9013,1,129.6,428.55,-484.57,-290.13,100,1
0.25943,5.0097,-5.0394,-6.3862,1,25.943,500.97,-503.94,-638.62,100,1
-5.873,9.1752,-0.27448,-6.0422,1,-587.3,917.52,-27.448,-604.22,100,1
-3.4605,2.6901,0.16165,-1.0224,1,-346.05,269.01,16.165,-102.24,100,1
-2.3797,-1.4402,1.1273,0.16076,1,-237.97,-144.02,112.73,16.076,100,1
-1.2424,-1.7175,-0.52553,-0.21036,1,-124.24,-171.75,-52.553,-21.036,100,1
0.20216,1.9182,-3.2828,-0.61768,1,20.216,191.82,-328.28,-61.768,100,1
0.59823,3.5012,-3.9795,-1.7841,1,59.823,350.12,-397.95,-178.41,100,1
-0.77995,3.2322,-3.282,-3.1004,1,-77.995,323.22,-328.2,-310.04,100,1
-4.1409,3.4619,-0.47841,-3.8879,1,-414.09,346.19,-47.841,-388.79,100,1
-6.5084,8.7696,0.23191,-3.937,1,-650.84,876.96,23.191,-393.7,100,1
-4.4996,3.4288,0.56265,-1.1672,1,-449.96,342.88,56.265,-116.72,100,1
-3.3125,0.10139,0.55323,-0.2957,1,-331.25,10.139,55.323,-29.57,100,1
-1.9423,0.3766,-1.2898,-0.82458,1,-194.23,37.66,-128.98,-82.458,100,1
-0.75793,2.5349,-3.0464,-1.2629,1,-75.793,253.49,-304.64,-126.29,100,1
-0.95403,1.9824,-2.3163,-1.1957,1,-95.403,198.24,-231.63,-119.57,100,1
-2.2173,1.4671,-0.72689,-1.1724,1,-221.73,146.71,-72.689,-117.24,100,1
-2.799,1.9679,-0.42357,-2.1125,1,-279.9,196.79,-42.357,-211.25,100,1
-1.8629,-0.84841,2.5377,0.097399,1,-186.29,-84.841,253.77,9.7399,100,1
-3.5916,-6.2285,10.2389,-1.1543,1,-359.16,-622.85,1023.89,-115.43,100,1
-5.1216,-5.3118,10.3846,-1.0612,1,-512.16,-531.18,1038.46,-106.12,100,1
-3.2854,4.0372,-0.45356,-1.8228,1,-328.54,403.72,-45.356,-182.28,100,1
-0.56877,1.4174,-1.4252,-1.1246,1,-56.877,141.74,-142.52,-112.46,100,1
-2.3518,-4.8359,6.6479,-0.060358,1,-235.18,-483.59,664.79,-6.0358,100,1
-4.4861,-13.2889,17.3087,-3.2194,1,-448.61,-1328.89,1730.87,-321.94,100,1
-4.3876,-7.7267,11.9655,-1.4543,1,-438.76,-772.67,1196.55,-145.43,100,1
-3.3604,-0.32696,2.1324,0.6017,1,-336.04,-32.696,213.24,60.17,100,1
-1.0112,2.9984,-1.1664,-1.6185,1,-101.12,299.84,-116.64,-161.85,100,1
0.030219,-1.0512,1.4024,0.77369,1,3.0219,-105.12,140.24,77.369,100,1
-1.6514,-8.4985,9.1122,1.2379,1,-165.14,-849.85,911.22,123.79,100,1
-3.2692,-12.7406,15.5573,-0.14182,1,-326.92,-1274.06,1555.73,-14.182,100,1
-2.5701,-6.8452,8.9999,2.1353,1,-257.01,-684.52,899.99,213.53,100,1
-1.3066,0.25244,0.7623,1.7758,1,-130.66,25.244,76.23,177.58,100,1
-1.6637,3.2881,-2.2701,-2.2224,1,-166.37,328.81,-227.01,-222.24,100,1
-0.55008,2.8659,-1.6488,-2.4319,1,-55.008,286.59,-164.88,-243.19,100,1
0.21431,-0.69529,0.87711,0.29653,1,21.431,-69.529,87.711,29.653,100,1
-0.77288,-7.4473,6.492,0.36119,1,-77.288,-744.73,649.2,36.119,100,1
-1.8391,-9.0883,9.2416,-0.10432,1,-183.91,-908.83,924.16,-10.432,100,1
-0.63298,-5.1277,4.5624,1.4797,1,-63.298,-512.77,456.24,147.97,100,1
0.0040545,0.62905,-0.64121,0.75817,1,0.40545,62.905,-64.121,75.817,100,1
-0.28696,3.1784,-3.5767,-3.1896,1,-28.696,317.84,-357.67,-318.96,100,1
-5.2406,6.6258,-0.19908,-6.8607,1,-524.06,662.58,-19.908,-686.07,100,1
-1.4446,2.1438,-0.47241,-1.6677,1,-144.46,214.38,-47.241,-166.77,100,1
-0.65767,-2.8018,3.7115,0.99739,1,-65.767,-280.18,371.15,99.739,100,1
-1.5449,-10.1498,9.6152,-1.2332,1,-154.49,-1014.98,961.52,-123.32,100,1
-2.8957,-12.0205,11.9149,-2.7552,1,-289.57,-1202.05,1191.49,-275.52,100,1
-0.81479,-5.7381,4.3919,0.3211,1,-81.479,-573.81,439.19,32.11,100,1
0.50225,0.65388,-1.1793,0.39998,1,50.225,65.388,-117.93,39.998,100,1
0.74521,3.6357,-4.4044,-4.1414,1,74.521,363.57,-440.44,-414.14,100,1
-2.9146,4.0537,-0.45699,-4.0327,1,-291.46,405.37,-45.699,-403.27,100,1
-1.3907,-1.3781,2.3055,-0.021566,1,-139.07,-137.81,230.55,-2.1566,100,1
-1.786,-8.1157,7.0858,-1.2112,1,-178.6,-811.57,708.58,-121.12,100,1
-1.7322,-9.2828,7.719,-1.7168,1,-173.22,-928.28,771.9,-171.68,100,1
0.55298,-3.4619,1.7048,1.1008,1,55.298,-346.19,170.48,110.08,100,1
2.031,1.852,-3.0121,0.003003,1,203.1,185.2,-301.21,0.3003,100,1
1.2279,4.0309,-4.6435,-3.9125,1,122.79,403.09,-464.35,-391.25,100,1
-4.2249,6.2699,0.15822,-5.5457,1,-422.49,626.99,15.822,-554.57,100,1
-2.5346,-0.77392,3.3602,0.00171,1,-253.46,-77.392,336.02,0.171,100,1
-1.749,-6.332,6.0987,0.14266,1,-174.9,-633.2,609.87,14.266,100,1
-0.539,-5.167,3.4399,0.052141,1,-53.9,-516.7,343.99,5.2141,100,1
1.5631,0.89599,-1.9702,0.65472,1,156.31,89.599,-197.02,65.472,100,1
2.3917,4.5565,-4.9888,-2.8987,1,239.17,455.65,-498.88,-289.87,100,1
0.89512,4.7738,-4.8431,-5.5909,1,89.512,477.38,-484.31,-559.09,100,1
-5.4808,8.1819,0.27818,-5.0323,1,-548.08,818.19,27.818,-503.23,100,1
-2.8833,1.7713,0.68946,-0.4638,1,-288.33,177.13,68.946,-46.38,100,1
-1.4174,-2.2535,1.518,0.61981,1,-141.74,-225.35,151.8,61.981,100,1
0.4283,-0.94981,-1.0731,0.3211,1,42.83,-94.981,-107.31,32.11,100,1
1.5904,2.2121,-3.1183,-0.11725,1,159.04,221.21,-311.83,-11.725,100,1
1.7425,3.6833,-4.0129,-1.7207,1,174.25,368.33,-401.29,-172.07,100,1
-0.23356,3.2405,-3.0669,-2.7784,1,-23.356,324.05,-306.69,-277.84,100,1
-3.6227,3.9958,-0.35845,-3.9047,1,-362.27,399.58,-35.845,-390.47,100,1
-6.1536,7.9295,0.61663,-3.2646,1,-615.36,792.95,61.663,-326.46,100,1
-3.9172,2.6652,0.78886,-0.7819,1,-391.72,266.52,78.886,-78.19,100,1
-2.2214,-0.23798,0.56008,0.05602,1,-222.14,-23.798,56.008,5.602,100,1
-0.49241,0.89392,-1.6283,-0.56854,1,-49.241,89.392,-162.83,-56.854,100,1
0.26517,2.4066,-2.8416,-0.59958,1,26.517,240.66,-284.16,-59.958,100,1
-0.10234,1.8189,-2.2169,-0.56725,1,-10.234,181.89,-221.69,-56.725,100,1
-1.6176,1.0926,-0.35502,-0.59958,1,-161.76,109.26,-35.502,-59.958,100,1
-1.8448,1.254,0.27218,-1.0728,1,-184.48,125.4,27.218,-107.28,100,1
-1.2786,-2.4087,4.5735,0.47627,1,-127.86,-240.87,457.35,47.627,100,1
-2.902,-7.6563,11.8318,-0.84268,1,-290.2,-765.63,1183.18,-84.268,100,1
-4.3773,-5.5167,10.939,-0.4082,1,-437.73,-551.67,1093.9,-40.82,100,1
-2.0529,3.8385,-0.79544,-1.2138,1,-205.29,383.85,-79.544,-121.38,100,1
0.18868,0.70148,-0.51182,0.0055892,1,18.868,70.148,-51.182,0.55892,100,1
-1.7279,-6.841,8.9494,0.68058,1,-172.79,-684.1,894.94,68.058,100,1
-3.3793,-13.7731,17.9274,-2.0323,1,-337.93,-1377.31,1792.74,-203.23,100,1
-3.1273,-7.1121,11.3897,-0.083634,1,-312.73,-711.21,1138.97,-8.3634,100,1
-2.121,-0.05588,1.949,1.353,1,-212.1,-5.588,194.9,135.3,100,1
-1.7697,3.4329,-1.2144,-2.3789,1,-176.97,343.29,-121.44,-237.89,100,1
-0.0012852,0.13863,-0.19651,0.0081754,1,-0.12852,13.863,-19.651,0.81754,100,1
-1.682,-6.8121,7.1398,1.3323,1,-168.2,-681.21,713.98,133.23,100,1
-3.4917,-12.1736,14.3689,-0.61639,1,-349.17,-1217.36,1436.89,-61.639,100,1
-3.1158,-8.6289,10.4403,0.97153,1,-311.58,-862.89,1044.03,97.153,100,1
-2.0891,-0.48422,1.704,1.7435,1,-208.91,-48.422,170.4,174.35,100,1
-1.6936,2.7852,-2.1835,-1.9276,1,-169.36,278.52,-218.35,-192.76,100,1
-1.2846,3.2715,-1.7671,-3.2608,1,-128.46,327.15,-176.71,-326.08,100,1
-0.092194,0.39315,-0.32846,-0.13794,1,-9.2194,39.315,-32.846,-13.794,100,1
-1.0292,-6.3879,5.5255,0.79955,1,-102.92,-638.79,552.55,79.955,100,1
-2.2083,-9.1069,8.9991,-0.28406,1,-220.83,-910.69,899.91,-28.406,100,1
-1.0744,-6.3113,5.355,0.80472,1,-107.44,-631.13,535.5,80.472,100,1
-0.51003,-0.23591,0.020273,0.76334,1,-51.003,-23.591,2.0273,76.334,100,1
-0.36372,3.0439,-3.4816,-2.7836,1,-36.372,304.39,-348.16,-278.36,100,1
-6.3979,6.4479,1.0836,-6.6176,1,-639.79,644.79,108.36,-661.76,100,1
-2.2501,3.3129,-0.88369,-2.8974,1,-225.01,331.29,-88.369,-289.74,100,1
-1.1859,-1.2519,2.2635,0.77239,1,-118.59,-125.19,226.35,77.239,100,1
-1.8076,-8.8131,8.7086,-0.21682,1,-180.76,-881.31,870.86,-21.682,100,1
-3.3863,-12.9889,13.0545,-2.7202,1,-338.63,-1298.89,1305.45,-272.02,100,1
-1.4106,-7.108,5.6454,0.31335,1,-141.06,-710.8,564.54,31.335,100,1
-0.21394,-0.68287,0.096532,1.1965,1,-21.394,-68.287,9.6532,119.65,100,1
0.48797,3.5674,-4.3882,-3.8116,1,48.797,356.74,-438.82,-381.16,100,1
-3.8167,5.1401,-0.65063,-5.4306,1,-381.67,514.01,-65.063,-543.06,100,1
-1.9555,0.20692,1.2473,-0.3707,1,-195.55,20.692,124.73,-37.07,100,1
-2.1786,-6.4479,6.0344,-0.20777,1,-217.86,-644.79,603.44,-20.777,100,1
-2.3299,-9.9532,8.4756,-1.8733,1,-232.99,-995.32,847.56,-187.33,100,1
0.0031201,-4.0061,1.7956,0.91722,1,0.31201,-400.61,179.56,91.722,100,1
1.3518,1.0595,-2.3437,0.39998,1,135.18,105.95,-234.37,39.998,100,1
1.2309,3.8923,-4.8277,-4.0069,1,123.09,389.23,-482.77,-400.69,100,1
-5.0301,7.5032,-0.13396,-7.5034,1,-503.01,750.32,-13.396,-750.34,100,1
-3.0799,0.60836,2.7039,-0.23751,1,-307.99,60.836,270.39,-23.751,100,1
-2.2987,-5.227,5.63,0.91722,1,-229.87,-522.7,563,91.722,100,1
-1.239,-6.541,4.8151,-0.033204,1,-123.9,-654.1,481.51,-3.3204,100,1
0.75896,0.29176,-1.6506,0.83834,1,75.896,29.176,-165.06,83.834,100,1
1.6799,4.2068,-4.5398,-2.3931,1,167.99,420.68,-453.98,-239.31,100,1
0.63655,5.2022,-5.2159,-6.1211,1,63.655,520.22,-521.59,-612.11,100,1
-6.0598,9.2952,-0.43642,-6.3694,1,-605.98,929.52,-43.642,-636.94,100,1
-3.518,2.8763,0.1548,-1.2086,1,-351.8,287.63,15.48,-120.86,100,1
-2.0336,-1.4092,1.1582,0.36507,1,-203.36,-140.92,115.82,36.507,100,1
-0.69745,-1.7672,-0.34474,-0.12372,1,-69.745,-176.72,-34.474,-12.372,100,1
0.75108,1.9161,-3.1098,-0.20518,1,75.108,191.61,-310.98,-20.518,100,1
0.84546,3.4826,-3.6307,-1.3961,1,84.546,348.26,-363.07,-139.61,100,1
-0.55648,3.2136,-3.3085,-2.7965,1,-55.648,321.36,-330.85,-279.65,100,1
-3.6817,3.2239,-0.69347,-3.4004,1,-368.17,322.39,-69.347,-340.04,100,1
-6.7526,8.8172,-0.061983,-3.725,1,-675.26,881.72,-6.1983,-372.5,100,1
-4.577,3.4515,0.66719,-0.94742,1,-457.7,345.15,66.719,-94.742,100,1
-2.9883,0.31245,0.45041,0.068951,1,-298.83,31.245,45.041,6.8951,100,1
-1.4781,0.14277,-1.1622,-0.48579,1,-147.81,14.277,-116.22,-48.579,100,1
-0.46651,2.3383,-2.9812,-1.0431,1,-46.651,233.83,-298.12,-104.31,100,1
-0.8734,1.6533,-2.1964,-0.78061,1,-87.34,165.33,-219.64,-78.061,100,1
-2.1234,1.1815,-0.55552,-0.81165,1,-212.34,118.15,-55.552,-81.165,100,1
-2.3142,2.0838,-0.46813,-1.6767,1,-231.42,208.38,-46.813,-167.67,100,1
-1.4233,-0.98912,2.3586,0.39481,1,-142.33,-98.912,235.86,39.481,100,1
-3.0866,-6.6362,10.5405,-0.89182,1,-308.66,-663.62,1054.05,-89.182,100,1
-4.7331,-6.1789,11.388,-1.0741,1,-473.31,-617.89,1138.8,-107.41,100,1
-2.8829,3.8964,-0.1888,-1.1672,1,-288.29,389.64,-18.88,-116.72,100,1
-0.036127,1.525,-1.4089,-0.76121,1,-3.6127,152.5,-140.89,-76.121,100,1
-1.7104,-4.778,6.2109,0.3974,1,-171.04,-477.8,621.09,39.74,100,1
-3.8203,-13.0551,16.9583,-2.3052,1,-382.03,-1305.51,1695.83,-230.52,100,1
-3.7181,-8.5089,12.363,-0.95518,1,-371.81,-850.89,1236.3,-95.518,100,1
-2.899,-0.60424,2.6045,1.3776,1,-289.9,-60.424,260.45,137.76,100,1
-0.98193,2.7956,-1.2341,-1.5668,1,-98.193,279.56,-123.41,-156.68,100,1
-0.17296,-1.1816,1.3818,0.7336,1,-17.296,-118.16,138.18,73.36,100,1
-1.9409,-8.6848,9.155,0.94049,1,-194.09,-868.48,915.5,94.049,100,1
-3.5713,-12.4922,14.8881,-0.47027,1,-357.13,-1249.22,1488.81,-47.027,100,1
-2.9915,-6.6258,8.6521,1.8198,1,-299.15,-662.58,865.21,181.98,100,1
-1.8483,0.31038,0.77344,1.4189,1,-184.83,31.038,77.344,141.89,100,1
-2.2677,3.2964,-2.2563,-2.4642,1,-226.77,329.64,-225.63,-246.42,100,1
-0.50816,2.868,-1.8108,-2.2612,1,-50.816,286.8,-181.08,-226.12,100,1
0.14329,-1.0885,1.0039,0.48791,1,14.329,-108.85,100.39,48.791,100,1
-0.90784,-7.9026,6.7807,0.34179,1,-90.784,-790.26,678.07,34.179,100,1
-2.0042,-9.3676,9.3333,-0.10303,1,-200.42,-936.76,933.33,-10.303,100,1
-0.93587,-5.1008,4.5367,1.3866,1,-93.587,-510.08,453.67,138.66,100,1
-0.40804,0.54214,-0.52725,0.6586,1,-40.804,54.214,-52.725,65.86,100,1
-0.8172,3.3812,-3.6684,-3.456,1,-81.72,338.12,-366.84,-345.6,100,1
-4.8392,6.6755,-0.24278,-6.5775,1,-483.92,667.55,-24.278,-657.75,100,1
-1.2792,2.1376,-0.47584,-1.3974,1,-127.92,213.76,-47.584,-139.74,100,1
-0.66008,-3.226,3.8058,1.1836,1,-66.008,-322.6,380.58,118.36,100,1
-1.7713,-10.7665,10.2184,-1.0043,1,-177.13,-1076.65,1021.84,-100.43,100,1
-3.0061,-12.2377,11.9552,-2.1603,1,-300.61,-1223.77,1195.52,-216.03,100,1
-1.1022,-5.8395,4.5641,0.68705,1,-110.22,-583.95,456.41,68.705,100,1
0.11806,0.39108,-0.98223,0.42843,1,11.806,39.108,-98.223,42.843,100,1
0.11686,3.735,-4.4379,-4.3741,1,11.686,373.5,-443.79,-437.41,100,1
-2.7264,3.9213,-0.49212,-3.6371,1,-272.64,392.13,-49.212,-363.71,100,1
-1.2369,-1.6906,2.518,0.51636,1,-123.69,-169.06,251.8,51.636,100,1
-1.8439,-8.6475,7.6796,-0.66682,1,-184.39,-864.75,767.96,-66.682,100,1
-1.8554,-9.6035,7.7764,-0.97716,1,-185.54,-960.35,777.64,-97.716,100,1
0.16358,-3.3584,1.3749,1.3569,1,16.358,-335.84,137.49,135.69,100,1
1.5077,1.9596,-3.0584,-0.12243,1,150.77,195.96,-305.84,-12.243,100,1
0.67886,4.1199,-4.569,-4.1414,1,67.886,411.99,-456.9,-414.14,100,1
-3.9934,5.8333,0.54723,-4.9379,1,-399.34,583.33,54.723,-493.79,100,1
-2.3898,-0.78427,3.0141,0.76205,1,-238.98,-78.427,301.41,76.205,100,1
-1.7976,-6.7686,6.6753,0.89912,1,-179.76,-676.86,667.53,89.912,100,1
-0.70867,-5.5602,4.0483,0.903,1,-70.867,-556.02,404.83,90.3,100,1
1.0194,1.1029,-2.3,0.59395,1,101.94,110.29,-230,59.395,100,1
1.7875,4.78,-5.1362,-3.2362,1,178.75,478,-513.62,-323.62,100,1
0.27331,4.8773,-4.9194,-5.8198,1,27.331,487.73,-491.94,-581.98,100,1
-5.1661,8.0433,0.044265,-4.4983,1,-516.61,804.33,4.4265,-449.83,100,1
-2.7028,1.6327,0.83598,-0.091393,1,-270.28,163.27,83.598,-9.1393,100,1
-1.4904,-2.2183,1.6054,0.89394,1,-149.04,-221.83,160.54,89.394,100,1
-0.014902,-1.0243,-0.94024,0.64955,1,-1.4902,-102.43,-94.024,64.955,100,1
0.88992,2.2638,-3.1046,-0.11855,1,88.992,226.38,-310.46,-11.855,100,1
1.0637,3.6957,-4.1594,-1.9379,1,106.37,369.57,-415.94,-193.79,100,1
-0.8471,3.1329,-3.0112,-2.9388,1,-84.71,313.29,-301.12,-293.88,100,1
-3.9594,4.0289,-0.35845,-3.8957,1,-395.94,402.89,-35.845,-389.57,100,1
-5.8818,7.6584,0.5558,-2.9155,1,-588.18,765.84,55.58,-291.55,100,1
-3.7747,2.5162,0.83341,-0.30993,1,-377.47,251.62,83.341,-30.993,100,1
-2.4198,-0.24418,0.70146,0.41809,1,-241.98,-24.418,70.146,41.809,100,1
-0.83535,0.80494,-1.6411,-0.19225,1,-83.535,80.494,-164.11,-19.225,100,1
-0.30432,2.6528,-2.7756,-0.65647,1,-30.432,265.28,-277.56,-65.647,100,1
-0.60254,1.7237,-2.1501,-0.77027,1,-60.254,172.37,-215.01,-77.027,100,1
-2.1059,1.1815,-0.53324,-0.82716,1,-210.59,118.15,-53.324,-82.716,100,1
-2.0441,1.2271,0.18564,-1.091,1,-204.41,122.71,18.564,-109.1,100,1
-1.5621,-2.2121,4.2591,0.27972,1,-156.21,-221.21,425.91,27.972,100,1
-3.2305,-7.2135,11.6433,-0.94613,1,-323.05,-721.35,1164.33,-94.613,100,1
-4.8426,-4.9932,10.4052,-0.53104,1,-484.26,-499.32,1040.52,-53.104,100,1
-2.3147,3.6668,-0.6969,-1.2474,1,-231.47,366.68,-69.69,-124.74,100,1
-0.11716,0.60422,-0.38587,-0.059065,1,-11.716,60.422,-38.587,-5.9065,100,1
-2.0066,-6.719,9.0162,0.099985,1,-200.66,-671.9,901.62,9.9985,100,1
-3.6961,-13.6779,17.5795,-2.6181,1,-369.61,-1367.79,1757.95,-261.81,100,1
-3.6012,-6.5389,10.5234,-0.48967,1,-360.12,-653.89,1052.34,-48.967,100,1
-2.6286,0.18002,1.7956,0.97282,1,-262.86,18.002,179.56,97.282,100,1
-0.82601,2.9611,-1.2864,-1.4647,1,-82.601,296.11,-128.64,-146.47,100,1
0.31803,-0.99326,1.0947,0.88619,1,31.803,-99.326,109.47,88.619,100,1
-1.4454,-8.4385,8.8483,0.96894,1,-144.54,-843.85,884.83,96.894,100,1
-3.1423,-13.0365,15.6773,-0.66165,1,-314.23,-1303.65,1567.73,-66.165,100,1
-2.5373,-6.959,8.8054,1.5289,1,-253.73,-695.9,880.54,152.89,100,1
-1.366,0.18416,0.90539,1.5806,1,-136.6,18.416,90.539,158.06,100,1
-1.7064,3.3088,-2.2829,-2.1978,1,-170.64,330.88,-228.29,-219.78,100,1
-0.41965,2.9094,-1.7859,-2.2069,1,-41.965,290.94,-178.59,-220.69,100,1
0.37637,-0.82358,0.78543,0.74524,1,37.637,-82.358,78.543,74.524,100,1
-0.55355,-7.9233,6.7156,0.74394,1,-55.355,-792.33,671.56,74.394,100,1
-1.6001,-9.5828,9.4044,0.081882,1,-160.01,-958.28,940.44,8.1882,100,1
-0.37013,-5.554,4.7749,1.547,1,-37.013,-555.4,477.49,154.7,100,1
0.12126,0.22347,-0.47327,0.97024,1,12.126,22.347,-47.327,97.024,100,1
-0.27068,3.2674,-3.5562,-3.0888,1,-27.068,326.74,-355.62,-308.88,100,1
-5.119,6.6486,-0.049987,-6.5206,1,-511.9,664.86,-4.9987,-652.06,100,1
-1.3946,2.3134,-0.44499,-1.4905,1,-139.46,231.34,-44.499,-149.05,100,1
-0.69879,-3.3771,4.1211,1.5043,1,-69.879,-337.71,412.11,150.43,100,1
-1.48,-10.5244,9.9176,-0.5026,1,-148,-1052.44,991.76,-50.26,100,1
-2.6649,-12.813,12.6689,-1.9082,1,-266.49,-1281.3,1266.89,-190.82,100,1
-0.62684,-6.301,4.7843,1.106,1,-62.684,-630.1,478.43,110.6,100,1
0.518,0.25865,-0.84085,0.96118,1,51.8,25.865,-84.085,96.118,100,1
0.64376,3.764,-4.4738,-4.0483,1,64.376,376.4,-447.38,-404.83,100,1
-2.9821,4.1986,-0.5898,-3.9642,1,-298.21,419.86,-58.98,-396.42,100,1
-1.4628,-1.5706,2.4357,0.49826,1,-146.28,-157.06,243.57,49.826,100,1
-1.7101,-8.7903,7.9735,-0.45475,1,-171.01,-879.03,797.35,-45.475,100,1
-1.5572,-9.8808,8.1088,-1.0806,1,-155.72,-988.08,810.88,-108.06,100,1
0.74428,-3.7723,1.6131,1.5754,1,74.428,-377.23,161.31,157.54,100,1
2.0177,1.7982,-2.9581,0.2099,1,201.77,179.82,-295.81,20.99,100,1
1.164,3.913,-4.5544,-3.8672,1,116.4,391.3,-455.44,-386.72,100,1
-4.3667,6.0692,0.57208,-5.4668,1,-436.67,606.92,57.208,-546.68,100,1
-2.5919,-1.0553,3.8949,0.77757,1,-259.19,-105.53,389.49,77.757,100,1
-1.8046,-6.8141,6.7019,1.1681,1,-180.46,-681.41,670.19,116.81,100,1
-0.71868,-5.7154,3.8298,1.0233,1,-71.868,-571.54,382.98,102.33,100,1
1.4378,0.66837,-2.0267,1.0271,1,143.78,66.837,-202.67,102.71,100,1
2.1943,4.5503,-4.976,-2.7254,1,219.43,455.03,-497.6,-272.54,100,1
0.7376,4.8525,-4.7986,-5.6659,1,73.76,485.25,-479.86,-566.59,100,1
-5.637,8.1261,0.13081,-5.0142,1,-563.7,812.61,13.081,-501.42,100,1
-3.0193,1.7775,0.73745,-0.45346,1,-301.93,177.75,73.745,-45.346,100,1
-1.6706,-2.09,1.584,0.71162,1,-167.06,-209,158.4,71.162,100,1
-0.1269,-1.1505,-0.95138,0.57843,1,-12.69,-115.05,-95.138,57.843,100,1
1.2198,2.0982,-3.1954,0.12843,1,121.98,209.82,-319.54,12.843,100,1
1.4501,3.6067,-4.0557,-1.5966,1,145.01,360.67,-405.57,-159.66,100,1
-0.40857,3.0977,-2.9607,-2.6892,1,-40.857,309.77,-296.07,-268.92,100,1
-3.8952,3.8157,-0.31304,-3.8194,1,-389.52,381.57,-31.304,-381.94,100,1
-6.3679,8.0102,0.4247,-3.2207,1,-636.79,801.02,42.47,-322.07,100,1
-4.1429,2.7749,0.68261,-0.71984,1,-414.29,277.49,68.261,-71.984,100,1
-2.6864,-0.097265,0.61663,0.061192,1,-268.64,-9.7265,61.663,6.1192,100,1
-1.0555,0.79459,-1.6968,-0.46768,1,-105.55,79.459,-169.68,-46.768,100,1
-0.29858,2.4769,-2.9512,-0.66165,1,-29.858,247.69,-295.12,-66.165,100,1
-0.49948,1.7734,-2.2469,-0.68104,1,-49.948,177.34,-224.69,-68.104,100,1
-1.9881,0.99945,-0.28562,-0.70044,1,-198.81,99.945,-28.562,-70.044,100,1
-1.9389,1.5706,0.045979,-1.122,1,-193.89,157.06,4.5979,-112.2,100,1
-1.4375,-1.8624,4.026,0.55127,1,-143.75,-186.24,402.6,55.127,100,1
-3.1875,-7.5756,11.8678,-0.57889,1,-318.75,-757.56,1186.78,-57.889,100,1
-4.6765,-5.6636,10.969,-0.33449,1,-467.65,-566.36,1096.9,-33.449,100,1
-2.0285,3.8468,-0.63435,-1.175,1,-202.85,384.68,-63.435,-117.5,100,1
0.26637,0.73252,-0.67891,0.03533,1,26.637,73.252,-67.891,3.533,100,1
-1.7589,-6.4624,8.4773,0.31981,1,-175.89,-646.24,847.73,31.981,100,1
-3.5985,-13.6593,17.6052,-2.4927,1,-359.85,-1365.93,1760.52,-249.27,100,1
-3.3582,-7.2404,11.4419,-0.57113,1,-335.82,-724.04,1144.19,-57.113,100,1
-2.3629,-0.10554,1.9336,1.1358,1,-236.29,-10.554,193.36,113.58,100,1
-2.1802,3.3791,-1.2256,-2.6621,1,-218.02,337.91,-122.56,-266.21,100,1
-0.40951,-0.15521,0.060545,-0.088807,1,-40.951,-15.521,6.0545,-8.8807,100,1
-2.2918,-7.257,7.9597,0.9211,1,-229.18,-725.7,795.97,92.11,100,1
-4.0214,-12.8006,15.6199,-0.95647,1,-402.14,-1280.06,1561.99,-95.647,100,1
-3.3884,-8.215,10.3315,0.98187,1,-338.84,-821.5,1033.15,98.187,100,1
-2.0046,-0.49457,1.333,1.6543,1,-200.46,-49.457,133.3,165.43,100,1
-1.7063,2.7956,-2.378,-2.3491,1,-170.63,279.56,-237.8,-234.91,100,1
-1.6386,3.3584,-1.7302,-3.5646,1,-163.86,335.84,-173.02,-356.46,100,1
-0.41645,0.32487,-0.33617,-0.36036,1,-41.645,32.487,-33.617,-36.036,100,1
-1.5877,-6.6072,5.8022,0.31593,1,-158.77,-660.72,580.22,31.593,100,1
-2.5961,-9.349,9.7942,-0.28018,1,-259.61,-934.9,979.42,-28.018,100,1
-1.5228,-6.4789,5.7568,0.87325,1,-152.28,-647.89,575.68,87.325,100,1
-0.53072,-0.097265,-0.21793,1.0426,1,-53.072,-9.7265,-21.793,104.26,100,1
-0.49081,2.8452,-3.6436,-3.1004,1,-49.081,284.52,-364.36,-310.04,100,1
-6.5773,6.8017,0.85483,-7.5344,1,-657.73,680.17,85.483,-753.44,100,1
-2.4621,2.7645,-0.62578,-2.8573,1,-246.21,276.45,-62.578,-285.73,100,1
-1.3995,-1.9162,2.5154,0.59912,1,-139.95,-191.62,251.54,59.912,100,1
-2.3221,-9.3304,9.233,-0.79871,1,-232.21,-933.04,923.3,-79.871,100,1
-3.73,-12.9723,12.9817,-2.684,1,-373,-1297.23,1298.17,-268.4,100,1
-1.6988,-7.1163,5.7902,0.16723,1,-169.88,-711.63,579.02,16.723,100,1
-0.26654,-0.64562,-0.42014,0.89136,1,-26.654,-64.562,-42.014,89.136,100,1
0.33325,3.3108,-4.5081,-4.012,1,33.325,331.08,-450.81,-401.2,100,1
-4.2091,4.7283,-0.49126,-5.2159,1,-420.91,472.83,-49.126,-521.59,100,1
-2.3142,-0.68494,1.9833,-0.44829,1,-231.42,-68.494,198.33,-44.829,100,1
-2.4835,-7.4494,6.8964,-0.64484,1,-248.35,-744.94,689.64,-64.484,100,1
-2.7611,-10.5099,9.0239,-1.9547,1,-276.11,-1050.99,902.39,-195.47,100,1
-0.36025,-4.449,2.1067,0.94308,1,-36.025,-444.9,210.67,94.308,100,1
1.0117,0.9022,-2.3506,0.42714,1,101.17,90.22,-235.06,42.714,100,1
0.96708,3.8426,-4.9314,-4.1323,1,96.708,384.26,-493.14,-413.23,100,1
-5.2049,7.259,0.070827,-7.3004,1,-520.49,725.9,7.0827,-730.04,100,1
-3.3203,-0.02691,2.9618,-0.44958,1,-332.03,-2.691,296.18,-44.958,100,1
-2.565,-5.7899,6.0122,0.046968,1,-256.5,-578.99,601.22,4.6968,100,1
-1.5951,-6.572,4.7689,-0.94354,1,-159.51,-657.2,476.89,-94.354,100,1
0.7049,0.17174,-1.7859,0.36119,1,70.49,17.174,-178.59,36.119,100,1
1.7331,3.9544,-4.7412,-2.5017,1,173.31,395.44,-474.12,-250.17,100,1
0.6818,4.8504,-5.2133,-6.1043,1,68.18,485.04,-521.33,-610.43,100,1
-6.3364,9.2848,0.014275,-6.7844,1,-633.64,928.48,1.4275,-678.44,100,1
-3.8053,2.4273,0.6809,-1.0871,1,-380.53,242.73,68.09,-108.71,100,1
-2.1979,-2.1252,1.7151,0.45171,1,-219.79,-212.52,171.51,45.171,100,1
-0.87874,-2.2121,-0.051701,0.099985,1,-87.874,-221.21,-5.1701,9.9985,100,1
0.74067,1.7299,-3.1963,-0.1457,1,74.067,172.99,-319.63,-14.57,100,1
0.98296,3.4226,-3.9692,-1.7116,1,98.296,342.26,-396.92,-171.16,100,1
-0.3489,3.1929,-3.4054,-3.1832,1,-34.89,319.29,-340.54,-318.32,100,1
-3.8552,3.5219,-0.38415,-3.8608,1,-385.52,352.19,-38.415,-386.08,100,1
-6.9599,8.9931,0.2182,-4.572,1,-695.99,899.31,21.82,-457.2,100,1
-4.7462,3.1205,1.075,-1.2966,1,-474.62,312.05,107.5,-129.66,100,1
-3.2051,-0.14279,0.97565,0.045675,1,-320.51,-14.279,97.565,4.5675,100,1
-1.7549,-0.080711,-0.75774,-0.3707,1,-175.49,-8.0711,-75.774,-37.07,100,1
-0.59587,2.4811,-2.8673,-0.89828,1,-59.587,248.11,-286.73,-89.828,100,1
-0.89542,2.0279,-2.3652,-1.2746,1,-89.542,202.79,-236.52,-127.46,100,1
-2.0754,1.2767,-0.64206,-1.2642,1,-207.54,127.67,-64.206,-126.42,100,1
-3.2778,1.8023,0.1805,-2.3931,1,-327.78,180.23,18.05,-239.31,100,1
-2.2183,-1.254,2.9986,0.36378,1,-221.83,-125.4,299.86,36.378,100,1
-3.5895,-6.572,10.5251,-0.16381,1,-358.95,-657.2,1052.51,-16.381,100,1
-5.0477,-5.8023,11.244,-0.3901,1,-504.77,-580.23,1124.4,-39.01,100,1
-3.5741,3.944,-0.07912,-2.1203,1,-357.41,394.4,-7.912,-212.03,100,1
-0.7351,1.7361,-1.4938,-1.1582,1,-73.51,173.61,-149.38,-115.82,100,1
-2.2617,-4.7428,6.3489,0.11162,1,-226.17,-474.28,634.89,11.162,100,1
-4.244,-13.0634,17.1116,-2.8017,1,-424.4,-1306.34,1711.16,-280.17,100,1
-4.0218,-8.304,12.555,-1.5099,1,-402.18,-830.4,1255.5,-150.99,100,1
-3.0201,-0.67253,2.7056,0.85774,1,-302.01,-67.253,270.56,85.774,100,1
-2.4941,3.5447,-1.3721,-2.8483,1,-249.41,354.47,-137.21,-284.83,100,1
-0.83121,0.039307,0.05369,-0.23105,1,-83.121,3.9307,5.369,-23.105,100,1
-2.5665,-6.8824,7.5416,0.70774,1,-256.65,-688.24,754.16,70.774,100,1
-4.4018,-12.9371,15.6559,-1.6806,1,-440.18,-1293.71,1565.59,-168.06,100,1
-3.7573,-8.2916,10.3032,0.38059,1,-375.73,-829.16,1030.32,38.059,100,1
-2.4725,-0.40145,1.4855,1.1189,1,-247.25,-40.145,148.55,111.89,100,1
-1.9725,2.8825,-2.3086,-2.3724,1,-197.25,288.25,-230.86,-237.24,100,1
-2.0149,3.6874,-1.9385,-3.8918,1,-201.49,368.74,-193.85,-389.18,100,1
-0.82053,0.65181,-0.48869,-0.52716,1,-82.053,65.181,-48.869,-52.716,100,1
-1.7886,-6.3486,5.6154,0.42584,1,-178.86,-634.86,561.54,42.584,100,1
-2.9138,-9.4711,9.7668,-0.60216,1,-291.38,-947.11,976.68,-60.216,100,1
-1.8343,-6.5907,5.6429,0.54998,1,-183.43,-659.07,564.29,54.998,100,1
-0.8734,-0.033118,-0.20165,0.55774,1,-87.34,-3.3118,-20.165,55.774,100,1
-0.70346,2.957,-3.5947,-3.1457,1,-70.346,295.7,-359.47,-314.57,100,1
-6.7387,6.9879,0.67833,-7.5887,1,-673.87,698.79,67.833,-758.87,100,1
-2.7723,3.2777,-0.9351,-3.1457,1,-277.23,327.77,-93.51,-314.57,100,1
-1.6641,-1.3678,1.997,0.52283,1,-166.41,-136.78,199.7,52.283,100,1
-2.4349,-9.2497,8.9922,-0.50001,1,-243.49,-924.97,899.22,-50.001,100,1
-3.793,-12.7095,12.7957,-2.825,1,-379.3,-1270.95,1279.57,-282.5,100,1
-1.9551,-6.9756,5.5383,-0.12889,1,-195.51,-697.56,553.83,-12.889,100,1
-0.69078,-0.50077,-0.35417,0.47498,1,-69.078,-50.077,-35.417,47.498,100,1
0.025013,3.3998,-4.4327,-4.2655,1,2.5013,339.98,-443.27,-426.55,100,1
-4.3967,4.9601,-0.64892,-5.4719,1,-439.67,496.01,-64.892,-547.19,100,1
-2.456,-0.24418,1.4041,-0.45863,1,-245.6,-24.418,140.41,-45.863,100,1
-2.62,-6.8555,6.2169,-0.62285,1,-262,-685.55,621.69,-62.285,100,1
-2.9662,-10.3257,8.784,-2.1138,1,-296.62,-1032.57,878.4,-211.38,100,1
-0.71494,-4.4448,2.2241,0.49826,1,-71.494,-444.48,222.41,49.826,100,1
0.6005,0.99945,-2.2126,0.097399,1,60.05,99.945,-221.26,9.7399,100,1
0.61652,3.8944,-4.7275,-4.3948,1,61.652,389.44,-472.75,-439.48,100,1
-5.4414,7.2363,0.10938,-7.5642,1,-544.14,723.63,10.938,-756.42,100,1
-3.5798,0.45937,2.3457,-0.45734,1,-357.98,45.937,234.57,-45.734,100,1
-2.7769,-5.6967,5.9179,0.37671,1,-277.69,-569.67,591.79,37.671,100,1
-1.8356,-6.7562,5.0585,-0.55044,1,-183.56,-675.62,505.85,-55.044,100,1
0.30081,0.17381,-1.7542,0.48921,1,30.081,17.381,-175.42,48.921,100,1
1.3403,4.1323,-4.7018,-2.5987,1,134.03,413.23,-470.18,-259.87,100,1
0.26877,4.987,-5.1508,-6.3913,1,26.877,498.7,-515.08,-639.13,100,1
-6.5235,9.6014,-0.25392,-6.9642,1,-652.35,960.14,-25.392,-696.42,100,1
-4.0679,2.4955,0.79571,-1.1039,1,-406.79,249.55,79.571,-110.39,100,1
-2.564,-1.7051,1.5026,0.32757,1,-256.4,-170.51,150.26,32.757,100,1
-1.3414,-1.9162,-0.15538,-0.11984,1,-134.14,-191.62,-15.538,-11.984,100,1
0.23874,2.0879,-3.3522,-0.66553,1,23.874,208.79,-335.22,-66.553,100,1
0.6212,3.6771,-4.0771,-2.0711,1,62.12,367.71,-407.71,-207.11,100,1
-0.77848,3.4019,-3.4859,-3.5569,1,-77.848,340.19,-348.59,-355.69,100,1
-4.1244,3.7909,-0.6532,-4.1802,1,-412.44,379.09,-65.32,-418.02,100,1
-7.0421,9.2,0.25933,-4.6832,1,-704.21,920,25.933,-468.32,100,1
-4.9462,3.5716,0.82742,-1.4957,1,-494.62,357.16,82.742,-149.57,100,1
-3.5359,0.30417,0.6569,-0.2957,1,-353.59,30.417,65.69,-29.57,100,1
-2.0662,0.16967,-1.0054,-0.82975,1,-206.62,16.967,-100.54,-82.975,100,1
-0.88728,2.808,-3.1432,-1.2035,1,-88.728,280.8,-314.32,-120.35,100,1
-1.0941,2.3072,-2.5237,-1.4453,1,-109.41,230.72,-252.37,-144.53,100,1
-2.4458,1.6285,-0.88541,-1.4802,1,-244.58,162.85,-88.541,-148.02,100,1
-3.551,1.8955,0.1865,-2.4409,1,-355.1,189.55,18.65,-244.09,100,1
-2.2811,-0.85669,2.7185,0.044382,1,-228.11,-85.669,271.85,4.4382,100,1
-3.6053,-5.974,10.0916,-0.82846,1,-360.53,-597.4,1009.16,-82.846,100,1
-5.0676,-5.1877,10.4266,-0.86725,1,-506.76,-518.77,1042.66,-86.725,100,1
-3.9204,4.0723,-0.23678,-2.1151,1,-392.04,407.23,-23.678,-211.51,100,1
-1.1306,1.8458,-1.3575,-1.3806,1,-113.06,184.58,-135.75,-138.06,100,1
-2.4561,-4.5566,6.4534,-0.056479,1,-245.61,-455.66,645.34,-5.6479,100,1
-4.4775,-13.0303,17.0834,-3.0345,1,-447.75,-1303.03,1708.34,-303.45,100,1
-4.1958,-8.1819,12.1291,-1.6017,1,-419.58,-818.19,1212.91,-160.17,100,1
-3.38,-0.7077,2.5325,0.71808,1,-338,-70.77,253.25,71.808,100,1
-2.4365,3.6026,-1.4166,-2.8948,1,-243.65,360.26,-141.66,-289.48,100,1
-0.77688,0.13036,-0.031137,-0.35389,1,-77.688,13.036,-3.1137,-35.389,100,1
-2.7083,-6.8266,7.5339,0.59007,1,-270.83,-682.66,753.39,59.007,100,1
-4.5531,-12.5854,15.4417,-1.4983,1,-455.31,-1258.54,1544.17,-149.83,100,1
-3.8894,-7.8322,9.8208,0.47498,1,-388.94,-783.22,982.08,47.498,100,1
-2.5084,-0.22763,1.488,1.2069,1,-250.84,-22.763,148.8,120.69,100,1
-2.1652,3.0211,-2.4132,-2.4241,1,-216.52,302.11,-241.32,-242.41,100,1
-1.8974,3.5074,-1.7842,-3.8491,1,-189.74,350.74,-178.42,-384.91,100,1
-0.62043,0.5587,-0.38587,-0.66423,1,-62.043,55.87,-38.587,-66.423,100,1
-1.8387,-6.301,5.6506,0.19567,1,-183.87,-630.1,565.06,19.567,100,1
-3,-9.1566,9.5766,-0.73018,1,-300,-915.66,957.66,-73.018,100,1
-1.9116,-6.1603,5.606,0.48533,1,-191.16,-616.03,560.6,48.533,100,1
-1.005,0.084831,-0.2462,0.45688,1,-100.5,8.4831,-24.62,45.688,100,1
-0.87834,3.257,-3.6778,-3.2944,1,-87.834,325.7,-367.78,-329.44,100,1
-6.651,6.7934,0.68604,-7.5887,1,-665.1,679.34,68.604,-758.87,100,1
-2.5463,3.1101,-0.83228,-3.0358,1,-254.63,311.01,-83.228,-303.58,100,1
-1.4377,-1.432,2.1144,0.42067,1,-143.77,-143.2,211.44,42.067,100,1
-2.4554,-9.0407,8.862,-0.86983,1,-245.54,-904.07,886.2,-86.983,100,1
-3.9411,-12.8792,13.0597,-3.3125,1,-394.11,-1287.92,1305.97,-331.25,100,1
-2.1241,-6.8969,5.5992,-0.47156,1,-212.41,-689.69,559.92,-47.156,100,1
-0.74324,-0.32902,-0.42785,0.23317,1,-74.324,-32.902,-42.785,23.317,100,1
-0.071503,3.7412,-4.5415,-4.2526,1,-7.1503,374.12,-454.15,-425.26,100,1
-4.2333,4.9166,-0.49212,-5.3207,1,-423.33,491.66,-49.212,-532.07,100,1
-2.3675,-0.43663,1.692,-0.43018,1,-236.75,-43.663,169.2,-43.018,100,1
-2.5526,-7.3625,6.9255,-0.66811,1,-255.26,-736.25,692.55,-66.811,100,1
-3.0986,-10.4602,8.9717,-2.3427,1,-309.86,-1046.02,897.17,-234.27,100,1
-0.89809,-4.4862,2.2009,0.50731,1,-89.809,-448.62,220.09,50.731,100,1
0.56232,1.0015,-2.2726,-0.0060486,1,56.232,100.15,-227.26,-0.60486,100,1
0.53936,3.8944,-4.8166,-4.3418,1,53.936,389.44,-481.66,-434.18,100,1
-5.3012,7.3915,0.029699,-7.3987,1,-530.12,739.15,2.9699,-739.87,100,1
-3.3553,0.35591,2.6473,-0.37846,1,-335.53,35.591,264.73,-37.846,100,1
-2.7908,-5.7133,5.953,0.45946,1,-279.08,-571.33,595.3,45.946,100,1
-1.9983,-6.6072,4.8254,-0.41984,1,-199.83,-660.72,482.54,-41.984,100,1
0.15423,0.11794,-1.6823,0.59524,1,15.423,11.794,-168.23,59.524,100,1
1.208,4.0744,-4.7635,-2.6129,1,120.8,407.44,-476.35,-261.29,100,1
0.2952,4.8856,-5.149,-6.2323,1,29.52,488.56,-514.9,-623.23,100,1
-6.4247,9.5311,0.022844,-6.8517,1,-642.47,953.11,2.2844,-685.17,100,1
-3.9933,2.6218,0.62863,-1.1595,1,-399.33,262.18,62.863,-115.95,100,1
-2.659,-1.6058,1.3647,0.16464,1,-265.9,-160.58,136.47,16.464,100,1
-1.4094,-2.1252,-0.10397,-0.19225,1,-140.94,-212.52,-10.397,-19.225,100,1
0.11032,1.9741,-3.3668,-0.65259,1,11.032,197.41,-336.68,-65.259,100,1
0.52374,3.644,-4.0746,-1.9909,1,52.374,364.4,-407.46,-199.09,100,1
-0.76794,3.4598,-3.4405,-3.4276,1,-76.794,345.98,-344.05,-342.76,100,1
-3.9698,3.6812,-0.60008,-4.0133,1,-396.98,368.12,-60.008,-401.33,100,1
-7.0364,9.2931,0.16594,-4.5396,1,-703.64,929.31,16.594,-453.96,100,1
-4.9447,3.3005,1.063,-1.444,1,-494.47,330.05,106.3,-144.4,100,1
-3.5933,0.22968,0.7126,-0.3332,1,-359.33,22.968,71.26,-33.32,100,1
-2.1674,0.12415,-1.0465,-0.86208,1,-216.74,12.415,-104.65,-86.208,100,1
-0.9607,2.6963,-3.1226,-1.3121,1,-96.07,269.63,-312.26,-131.21,100,1
-1.0802,2.1996,-2.5862,-1.2759,1,-108.02,219.96,-258.62,-127.59,100,1
-2.3277,1.4381,-0.82114,-1.2862,1,-232.77,143.81,-82.114,-128.62,100,1
-3.7244,1.9037,-0.035421,-2.5095,1,-372.44,190.37,-3.5421,-250.95,100,1
-2.5724,-0.95602,2.7073,-0.16639,1,-257.24,-95.602,270.73,-16.639,100,1
-3.9297,-6.0816,10.0958,-1.0147,1,-392.97,-608.16,1009.58,-101.47,100,1
-5.2943,-5.1463,10.3332,-1.1181,1,-529.43,-514.63,1033.32,-111.81,100,1
-3.8953,4.0392,-0.3019,-2.1836,1,-389.53,403.92,-30.19,-218.36,100,1
-1.2244,1.7485,-1.4801,-1.4181,1,-122.44,174.85,-148.01,-141.81,100,1
-2.6406,-4.4159,5.983,-0.13924,1,-264.06,-441.59,598.3,-13.924,100,1
-4.6338,-12.7509,16.7166,-3.2168,1,-463.38,-1275.09,1671.66,-321.68,100,1
-4.2887,-7.8633,11.8387,-1.8978,1,-428.87,-786.33,1183.87,-189.78,100,1
-3.3458,-0.50491,2.6328,0.53705,1,-334.58,-50.491,263.28,53.705,100,1
-1.1188,3.3357,-1.3455,-1.9573,1,-111.88,333.57,-134.55,-195.73,100,1
0.55939,-0.3104,0.18307,0.44653,1,55.939,-31.04,18.307,44.653,100,1
-1.5078,-7.3191,7.8981,1.2289,1,-150.78,-731.91,789.81,122.89,100,1
-3.506,-12.5667,15.1606,-0.75216,1,-350.6,-1256.67,1516.06,-75.216,100,1
-2.9498,-8.273,10.2646,1.1629,1,-294.98,-827.3,1026.46,116.29,100,1
-1.6029,-0.38903,1.62,1.9103,1,-160.29,-38.903,162,191.03,100,1
-1.2667,2.8183,-2.426,-1.8862,1,-126.67,281.83,-242.6,-188.62,100,1
-0.49281,3.0605,-1.8356,-2.834,1,-49.281,306.05,-183.56,-283.4,100,1
0.66365,-0.045533,-0.18794,0.23447,1,66.365,-4.5533,-18.794,23.447,100,1
-0.72068,-6.7583,5.8408,0.62369,1,-72.068,-675.83,584.08,62.369,100,1
-1.9966,-9.5001,9.682,-0.12889,1,-199.66,-950.01,968.2,-12.889,100,1
-0.97325,-6.4168,5.6026,1.0323,1,-97.325,-641.68,560.26,103.23,100,1
-0.025314,-0.17383,-0.11339,1.2198,1,-2.5314,-17.383,-11.339,121.98,100,1
0.062525,2.9301,-3.5467,-2.6737,1,6.2525,293.01,-354.67,-267.37,100,1
-5.525,6.3258,0.89768,-6.6241,1,-552.5,632.58,89.768,-662.41,100,1
-1.2943,2.6735,-0.84085,-2.0323,1,-129.43,267.35,-84.085,-203.23,100,1
-0.24037,-1.7837,2.135,1.2418,1,-24.037,-178.37,213.5,124.18,100,1
-1.3968,-9.6698,9.4652,-0.34872,1,-139.68,-966.98,946.52,-34.872,100,1
-2.9672,-13.2869,13.4727,-2.6271,1,-296.72,-1328.69,1347.27,-262.71,100,1
-1.1005,-7.2508,6.0139,0.36895,1,-110.05,-725.08,601.39,36.895,100,1
0.22432,-0.52147,-0.40386,1.2017,1,22.432,-52.147,-40.386,120.17,100,1
0.90407,3.3708,-4.4987,-3.6965,1,90.407,337.08,-449.87,-369.65,100,1
-2.8619,4.5193,-0.58123,-4.2629,1,-286.19,451.93,-58.123,-426.29,100,1
-1.0833,-0.31247,1.2815,0.41291,1,-108.33,-31.247,128.15,41.291,100,1
-1.5681,-7.2446,6.5537,-0.1276,1,-156.81,-724.46,655.37,-12.76,100,1
-2.0545,-10.8679,9.4926,-1.4116,1,-205.45,-1086.79,949.26,-141.16,100,1
0.2346,-4.5152,2.1195,1.4448,1,23.46,-451.52,211.95,144.48,100,1
1.581,0.86909,-2.3138,0.82412,1,158.1,86.909,-231.38,82.412,100,1
1.5514,3.8013,-4.9143,-3.7483,1,155.14,380.13,-491.43,-374.83,100,1
-4.1479,7.1225,-0.083404,-6.4172,1,-414.79,712.25,-8.3404,-641.72,100,1
-2.2625,-0.099335,2.8127,0.48662,1,-226.25,-9.9335,281.27,48.662,100,1
-1.7479,-5.823,5.8699,1.212,1,-174.79,-582.3,586.99,121.2,100,1
-0.95923,-6.7128,4.9857,0.32886,1,-95.923,-671.28,498.57,32.886,100,1
1.3451,0.23589,-1.8785,1.3258,1,134.51,23.589,-187.85,132.58,100,1
2.2279,4.0951,-4.8037,-2.1112,1,222.79,409.51,-480.37,-211.12,100,1
1.2572,4.8731,-5.2861,-5.8741,1,125.72,487.31,-528.61,-587.41,100,1
-5.3857,9.1214,-0.41929,-5.9181,1,-538.57,912.14,-41.929,-591.81,100,1
-2.9786,2.3445,0.52667,-0.40173,1,-297.86,234.45,52.667,-40.173,100,1
-1.5851,-2.1562,1.7082,0.9017,1,-158.51,-215.62,170.82,90.17,100,1
-0.21888,-2.2038,-0.0954,0.56421,1,-21.888,-220.38,-9.54,56.421,100,1
1.3183,1.9017,-3.3111,0.065071,1,131.83,190.17,-331.11,6.5071,100,1
1.4896,3.4288,-4.0309,-1.4259,1,148.96,342.88,-403.09,-142.59,100,1
0.11592,3.2219,-3.4302,-2.8457,1,11.592,322.19,-343.02,-284.57,100,1
-3.3924,3.3564,-0.72004,-3.5233,1,-339.24,335.64,-72.004,-352.33,100,1
-6.1632,8.7096,-0.21621,-3.6345,1,-616.32,870.96,-21.621,-363.45,100,1
-4.0786,2.9239,0.87026,-0.65389,1,-407.86,292.39,87.026,-65.389,100,1
-2.5899,-0.3911,0.93452,0.42972,1,-258.99,-39.11,93.452,42.972,100,1
-1.0116,-0.19038,-0.90597,0.003003,1,-101.16,-19.038,-90.597,0.3003,100,1
0.066129,2.4914,-2.9401,-0.62156,1,6.6129,249.14,-294.01,-62.156,100,1
-0.24745,1.9368,-2.4697,-0.80518,1,-24.745,193.68,-246.97,-80.518,100,1
-1.5732,1.0636,-0.71232,-0.8388,1,-157.32,106.36,-71.232,-83.88,100,1
-2.1668,1.5933,0.045122,-1.678,1,-216.68,159.33,4.5122,-167.8,100,1
-1.1667,-1.4237,2.9241,0.66119,1,-116.67,-142.37,292.41,66.119,100,1
-2.8391,-6.63,10.4849,-0.42113,1,-283.91,-663,1048.49,-42.113,100,1
-4.5046,-5.8126,10.8867,-0.52846,1,-450.46,-581.26,1088.67,-52.846,100,1
-2.41,3.7433,-0.40215,-1.2953,1,-241,374.33,-40.215,-129.53,100,1
0.40614,1.3492,-1.4501,-0.55949,1,40.614,134.92,-145.01,-55.949,100,1
-1.3887,-4.8773,6.4774,0.34179,1,-138.87,-487.73,647.74,34.179,100,1
-3.7503,-13.4586,17.5932,-2.7771,1,-375.03,-1345.86,1759.32,-277.71,100,1
-3.5637,-8.3827,12.393,-1.2823,1,-356.37,-838.27,1239.3,-128.23,100,1
-2.5419,-0.65804,2.6842,1.1952,1,-254.19,-65.804,268.42,119.52,100,1
