X,Y,Color,Radius,A,B,C
5793.61,3715.01,1,1,3835.595354,0.724947,113.932793
6425.86,3432.98,1,1,3835.923365,0.537562,103.030037
5605.89,5347.06,1,1,3836.251345,0.776843,107.267548
5645.12,5357.83,1,1,3836.513755,0.781293,114.137749
5480.86,4691.84,1,1,3836.776193,0.552314,112.962593
5493.19,4945.8,1,1,3837.169758,0.602088,116.459534
5562.31,3117.82,1,1,3837.497761,0.441703,120.129768
4502.78,4010.38,1,1,3837.858581,0.726058,112.869087
4916.82,3111.67,1,1,3838.383499,0.367146,114.484138
6715.29,3918.19,1,1,3838.744336,0.58785,104.119827
5695.25,5517.89,1,1,3839.039567,0.675284,110.845383
4722.88,5606.92,1,1,3839.433179,0.348493,126.998375
5293.6,6584.13,1,1,3840.22046,0.599337,129.696335
5691.85,6148.39,1,1,3840.548455,0.600097,129.187057
5424.68,3775.92,1,1,3841.073314,0.752575,128.839569
5502.02,3378.85,1,1,3841.466956,0.582445,129.650787
5545.39,3765.9,1,1,3841.92621,0.31414,155.621231
5510.42,4098.58,1,1,3842.2214,0.75172,130.227829
5928.85,4699.22,1,1,3842.516593,0.714339,122.332626
6301.82,4060.72,1,1,3842.811775,0.526932,109.650879
5135.72,5068.2,1,1,3843.139774,0.537021,111.983536
5609.05,5785.67,1,1,3843.533336,0.771839,121.409569
6670.93,3582.88,1,1,3844.156567,0.508508,120.270317
4175.24,3954.83,1,1,3845.042087,0.489082,131.43573
3841.96,3110.4,1,1,3845.59962,0.433709,113.251976
6813.95,4470.99,1,1,3846.386829,0.566396,98.337891
5795.73,7166.06,1,1,3847.141186,0.376057,119.162849
5751.35,3373.57,1,1,3847.994107,0.597586,126.568649
6194.06,3480.44,1,1,3848.289344,0.331737,127.225662
5000.69,3810.13,1,1,3848.781379,0.66452,107.582336
5480.94,7590.54,1,1,3849.306326,0.415503,98.358948
5429.6,3377.94,1,1,3850.060748,0.463314,124.247162
5492.08,5172.69,1,1,3850.5527,0.551425,127.922928
6007.71,4824.16,1,1,3850.847925,0.612306,122.389931
5494.6,3558.59,1,1,3851.503944,0.566296,133.834564
5850.22,3784.21,1,1,3851.799128,0.453556,123.435036
5484.47,3035.46,1,1,3852.225553,0.451581,112.8517
6239.62,6259.74,1,1,3853.242365,0.441641,131.478806
5536,3542.92,1,1,3854.324719,0.441086,114.525757
5244.67,3012.93,1,1,3855.407272,0.353202,124.109848
5391.18,7607.55,1,1,3856.358477,0.462467,119.656914
5342.44,3984.06,1,1,3857.276897,0.901408,120.390732
4919.93,4161,1,1,3858.096973,0.587715,127.289604
5680,6036.96,1,1,3858.982478,0.448347,127.650009
5684.95,3202.8,1,1,3859.966614,0.547959,135.096054
5618.49,3675,1,1,3860.294647,0.700086,129.74826
5334.6,4033.88,1,1,3861.245923,0.472789,129.822906
6525.61,3393.6,1,1,3861.770724,0.418777,123.870918
5255.17,3388.27,1,1,3862.262789,0.462899,124.687622
6505.29,3638.64,1,1,3862.754825,0.463481,127.829956
5937.13,3323.45,1,1,3863.214021,0.545873,131.059189
5983.83,3336.2,1,1,3863.67321,0.596626,129.96701
5474.69,5522.56,1,1,3864.099641,0.563614,122.232704
5546.02,7250.72,1,1,3864.394844,0.689761,111.910561
5290.47,3307.27,1,1,3864.788451,0.481324,105.987816
5242.54,3191.85,1,1,3865.149264,0.452998,108.272858
5402.18,2984.09,1,1,3865.542805,0.389442,107.464333
5550.92,3139.64,1,1,3865.805144,0.376825,112.853767
5620.32,3174.03,1,1,3866.133103,0.525725,116.139191
5649.73,3161.1,1,1,3866.395503,0.57328,120.2313
5544.75,3071.51,1,1,3866.75633,0.481478,121.871643
5673.33,2882.08,1,1,3867.215497,0.500203,117.30661
6393.8,2504.16,1,1,3867.47786,0.647792,121.77095
5136.16,4320.24,1,1,3867.937031,0.498036,122.592537
5199.83,3992.56,1,1,3868.658686,0.526303,115.40213
5174.48,4101.26,1,1,3868.953865,0.761519,111.661201
4984.67,3793.94,1,1,3869.249018,0.412534,97.298401
4516.52,4262.8,1,1,3869.773765,0.431214,120.585213
5294.73,5358.66,1,1,3870.26575,0.405644,112.046013
5132.89,4397.86,1,1,3871.085733,0.647483,120.055832
5129.9,4401.25,1,1,3871.348165,0.747934,116.307289
4285.23,4297.24,1,1,3871.741837,0.510474,113.281097
4278.88,4208.38,1,1,3872.13553,0.584582,115.919464
4416.74,4209.15,1,1,3872.397889,0.544902,121.81514
4654.45,4263.1,1,1,3872.791523,0.566341,118.710373
4778.15,4282.41,1,1,3873.053984,0.632057,115.088234
4807.89,4256.39,1,1,3873.316406,0.845523,113.354973
4797.47,4238.48,1,1,3873.578758,0.716143,111.45816
4791.39,4265.21,1,1,3873.841183,0.825849,113.927498
5135.32,4415.74,1,1,3874.136364,0.703636,112.947754
5033.45,4401.85,1,1,3874.431554,0.652137,115.485489
5060.43,4477.29,1,1,3874.726785,0.519038,118.547394
4838.25,4411.19,1,1,3875.41552,0.830542,112.345215
4796.35,4362.89,1,1,3875.677983,0.789136,114.374275
4796.57,4354.12,1,1,3875.973163,0.690664,117.276108
4764.95,4381.17,1,1,3876.23558,0.950947,115.816826
4734.57,4446.5,1,1,3876.49804,0.661343,116.14196
4764.32,4402.74,1,1,3876.760484,0.947279,117.464363
5034.69,4291.3,1,1,3877.022933,0.441122,111.901344
5052.33,4168.61,1,1,3877.285334,0.880166,114.123268
4957.16,3810.81,1,1,3878.138232,0.528452,105.136292
5108.44,4128.92,1,1,3878.63022,0.924336,105.765862
4828.06,4018.18,1,1,3879.122311,0.372972,99.975052
4995.59,3102.06,1,1,3879.548726,0.627805,83.431694
5044.33,3465.91,1,1,3879.876771,0.478024,109.043152
4784.97,3045.54,1,1,3880.303195,0.430245,109.703224
4803.33,5441.93,1,1,3882.30421,0.318651,100.691933
5025.91,5313.85,1,1,3883.616175,0.544452,93.831497
5341.61,5265.03,1,1,3884.567464,0.370988,100.654953
5248.36,5283.05,1,1,3885.354663,0.463028,96.44738
5008.93,5818.66,1,1,3887.257157,0.567592,94.455627
5019.17,5956.9,1,1,3887.519602,0.667678,96.214546
6010.55,4806.4,1,1,3889.717419,0.332039,122.132904
6402.49,4810.92,1,1,3890.176647,0.484375,92.330154
6423.16,4960.12,1,1,3890.439117,0.513158,96.000191
6603.73,6119.12,1,1,3890.799972,0.902309,111.128555
6079.92,5873.68,1,1,3891.062361,0.470118,105.276016
6363.71,5109.93,1,1,3891.456011,0.624261,92.352333
5433.74,4786.79,1,1,3893.063334,0.35755,106.953278
5030.17,4969.43,1,1,3895.720299,0.407488,94.53109
5496.19,5194.32,1,1,3897.622819,0.537769,98.908783
5310.3,5001.27,1,1,3898.049208,0.415641,98.52211
5294.72,4936.71,1,1,3899.197328,0.448324,106.705238
5230.44,5228.99,1,1,3901.559071,0.456681,98.837189
5316.85,5177.03,1,1,3902.116628,0.716016,97.071487
5350.41,5210.51,1,1,3902.674263,0.703955,95.131783
6638.42,6981.75,1,1,3902.969445,0.840283,92.318909
6360.48,8830.6,1,1,3903.428747,0.39633,92.530869
6711.08,8977.09,1,1,3903.691179,0.57889,104.989235
6344.64,8405.02,1,1,3904.084866,0.544738,96.080521
5562.12,7933.26,1,1,3904.77364,0.668679,105.415398
5661.36,7809,1,1,3905.265658,0.69317,105.130005
5588.43,7860.32,1,1,3905.528073,0.507913,107.445251
5543.52,7796.79,1,1,3905.790492,0.833864,109.084732
5660.08,7897.16,1,1,3906.118432,0.742123,110.339775
5653.22,7918.18,1,1,3906.380866,0.838328,109.322487
7056.64,5118.93,1,1,3906.840122,0.502022,66.480896
5748.29,5043.6,1,1,3907.692969,0.343223,123.179207
5046,6165.61,1,1,3908.020959,0.910324,115.829575
5745.89,7532.2,1,1,3908.742549,0.767882,116.345009
5614.77,7592.97,1,1,3909.004977,0.907322,113.342331
5647.53,7607.09,1,1,3909.267387,0.789073,108.725105
5786.14,7529.26,1,1,3909.529878,0.846176,109.488998
5895.19,7480.66,1,1,3909.792278,0.86247,110.849487
5938.16,7478.29,1,1,3910.054676,0.945796,108.948013
5811.72,7472.07,1,1,3910.34995,0.990856,101.394257
5672.87,7670.91,1,1,3910.612335,1,100.347229
5678.03,7898.56,1,1,3910.874756,0.994371,102.799065
5627.92,7947.02,1,1,3911.137083,1,103.965088
5642.01,8092.87,1,1,3911.399483,0.854082,103.969955
5626.54,7957.11,1,1,3911.661882,0.703384,103.027557
5641.04,7773,1,1,3911.924297,1,100.35405
5663.09,7631.4,1,1,3912.219575,0.865163,100.053123
5750.24,7685.51,1,1,3912.482001,1,100.836502
5741.76,7657.23,1,1,3912.744429,0.981027,104.6726
5649.26,7658.88,1,1,3913.006853,0.795945,101.917046
5562.84,7705.04,1,1,3913.334848,0.523816,102.102631
5565.96,7686.49,1,1,3913.597267,0.938175,101.584549
5737.22,7730.58,1,1,3913.859636,1,99.548653
5744.38,7685.07,1,1,3914.122069,0.869716,102.908691
5781.6,7573.9,1,1,3914.384457,0.86862,105.273827
5604.05,7289.8,1,1,3914.876405,0.655592,106.295334
5784.2,7278.55,1,1,3915.138817,0.774143,107.84375
5879.61,7105.99,1,1,3915.466779,0.809559,108.257004
5874.26,7022.72,1,1,3915.729202,0.834967,108.630272
5822.03,6949.86,1,1,3915.99159,0.830983,102.502647
5873.15,6836.62,1,1,3916.254019,0.85512,103.644096
5868.73,6840.77,1,1,3916.516432,0.816466,107.01561
4822.88,6810.84,1,1,3916.811644,0.765547,102.622383
4901.01,6735.25,1,1,3917.074117,0.894196,107.35788
5089.82,6725.97,1,1,3917.336495,0.985308,103.493172
5155.95,6702.35,1,1,3917.598919,1,105.688263
5148.98,6679.62,1,1,3917.861279,0.982924,105.416183
5226.38,6689.63,1,1,3918.123698,0.866889,107.11515
5283.57,6701.41,1,1,3918.386126,0.779782,109.008476
5312.41,6732.28,1,1,3918.648512,1,107.703995
5417.28,6706.5,1,1,3918.910871,0.902526,103.63546
5690.16,7040.45,1,1,3919.271726,0.75525,103.2491
7252.49,7297.12,1,1,3919.862205,0.438395,113.948242
6470.85,6841.44,1,1,3920.911885,0.468406,106.054451
6113.23,6151.13,1,1,3922.256929,0.557244,101.299347
5579.29,7952.11,1,1,3923.208158,0.862623,117.04483
4539.44,4976.91,1,1,3924.126522,0.601905,115.234619
6934.22,4935.56,1,1,3924.815365,0.497425,120.450264
6664.44,5936.71,1,1,3926.029087,0.541374,114.70134
5975.08,6419.37,1,1,3926.357089,0.926989,113.011307
6223.37,4833.67,1,1,3927.045941,0.406685,125.936829
6932.56,5250.19,1,1,3927.439566,0.593658,119.899658
6372.62,6309.55,1,1,3927.767609,0.743394,117.473953
6415.64,6266.29,1,1,3928.030049,0.873375,110.775436
4607.72,4636.79,1,1,3928.981333,0.708037,113.095802
7213.58,5575.19,1,1,3929.407751,0.358862,118.448898
6861.34,5559.82,1,1,3929.867023,0.581363,95.586647
6194.28,4882.24,1,1,3930.49031,0.506228,115.629822
5431.15,8628.22,1,1,3931.539974,0.399831,119.720238
7049.37,4921.24,1,1,3932.163257,0.458755,113.655914
6456.17,4999.16,1,1,3933.311225,0.525315,119.919052
6930.85,5265.67,1,1,3933.639238,0.615935,120.555046
5052.18,4477.4,1,1,3934.85282,0.69638,106.04892
5112,4510.4,1,1,3935.115283,0.761569,104.848969
5103.39,4467.75,1,1,3935.377686,0.671188,102.581978
5115.67,4385.56,1,1,3935.640114,1,101.307838
4708.25,4499.67,1,1,3935.902533,0.748605,99.521576
4887.97,4486.36,1,1,3936.164942,0.990446,102.19706
4938.03,4475.93,1,1,3936.427383,0.927057,105.112709
4964.3,4548.13,1,1,3936.886648,0.776958,103.071129
4684.01,6343.48,1,1,3937.739461,0.973291,103.116531
4825.26,6500.57,1,1,3938.03474,0.902857,103.197098
5702.13,5940.44,1,1,3938.329988,0.824632,94.061989
5668.49,6016.31,1,1,3938.592437,0.884253,92.293175
5677.29,6030.09,1,1,3938.854896,0.806566,90.626114
5658.14,6184.21,1,1,3939.11732,1,90.66642
6078.56,5201.96,1,1,3939.445392,0.838665,94.01606
5527.07,6309.96,1,1,3939.740677,0.893863,94.08445
5602.8,6192.78,1,1,3940.003079,1,97.768044
5660.68,6095.95,1,1,3940.298328,1,94.439842
5698.46,6031.95,1,1,3940.560786,1,91.747307
5745.56,5879.11,1,1,3940.823252,1,96.232239
5922.33,5685.55,1,1,3941.118508,1,100.630196
5850.41,5553.16,1,1,3941.380964,1,98.265045
5961.13,5980.64,1,1,3941.643354,0.928995,96.928482
5812.68,5952.07,1,1,3941.938611,1,96.644409
5808.33,5970.17,1,1,3942.201019,1,96.973679
5819.42,6045.55,1,1,3942.49621,0.640761,91.645332
5866.02,6058.38,1,1,3942.758658,0.790439,96.977852
5835.98,6114.83,1,1,3943.021057,1,93.897514
5643.15,6011.18,1,1,3943.283544,0.853829,98.470825
5672.24,5995.72,1,1,3943.578866,1,93.855408
5743.44,6101.48,1,1,3943.84128,1,94.630295
5632.14,6056.85,1,1,3944.136518,1,102.761795
5727.8,6186.97,1,1,3944.464574,0.981021,102.796989
4879.01,6075.55,1,1,3944.792622,0.863469,106.71476
4956.83,6019.94,1,1,3945.05507,0.989623,104.019905
4972.45,6034.97,1,1,3945.317543,1,98.322899
4989.83,6117.51,1,1,3945.678423,0.649928,104.554283
4983.15,6069.39,1,1,3945.940856,0.93077,104.688232
5032.92,6154.43,1,1,3946.20328,0.994191,105.779053
5070.53,6157.41,1,1,3946.465744,1,104.733749
5130.98,6132.49,1,1,3946.728154,0.946962,105.445229
5323.6,6030.96,1,1,3946.990544,1,107.623314
5246.57,4346.98,1,1,3947.548199,0.697143,111.865601
7398.04,5832.01,1,1,3947.909028,0.444532,118.352455
5507.93,3997.93,1,1,3949.286776,0.741018,113.248215
5533.63,4110.93,1,1,3949.844467,0.55814,115.540131
5472.2,4171.86,1,1,3950.106861,0.692568,114.304802
5451.26,4117.05,1,1,3950.369248,0.860524,112.020607
4432.09,4592.18,1,1,3950.894144,0.616773,105.831047
5111.72,5394.95,1,1,3951.386182,0.380157,110.796829
5000.5,5319.7,1,1,3952.042263,0.393823,93.749016
5194.95,5312.5,1,1,3952.435905,0.53929,100.191277
5319.55,5208.46,1,1,3954.109045,0.558118,107.876945
5546.85,5012.37,1,1,3955.060356,0.369871,106.881256
5511.42,4592.77,1,1,3956.110028,0.478033,105.104057
5487.73,4802.92,1,1,3956.405289,0.521346,109.794479
5652.85,5069.23,1,1,3957.356573,0.502904,102.271011
5599.12,5022.97,1,1,3957.619046,0.738192,109.967552
5559.06,4989.67,1,1,3957.881475,0.612388,106.64325
5509.7,5023.08,1,1,3958.537619,0.521912,102.835968
5543.07,5048.33,1,1,3959.948102,0.52581,107.954765
5651.71,5248.31,1,1,3960.276178,0.699792,106.544281
5725.28,5277.6,1,1,3960.53859,0.851747,105.488243
5145.69,5410.82,1,1,3961.260362,0.695002,107.9263
6099.16,5108.56,1,1,3961.98203,0.504196,102.287888
6187.25,5141.32,1,1,3962.539684,0.500959,100.929298
5846.45,5071.5,1,1,3962.90045,0.712205,109.534256
5989.35,5134.99,1,1,3963.195657,0.649563,98.651894
5927.72,5073.16,1,1,3963.45806,0.619777,106.442986
5849.23,4904.45,1,1,3964.212509,0.496861,106.952957
5714.29,4950.72,1,1,3964.540594,0.404065,102.122437
5954.83,4899.19,1,1,3964.90141,0.651886,109.66848
5926.22,5096.42,1,1,3965.262268,0.487992,106.625031
5739.3,5041.02,1,1,3965.52468,0.545031,105.486755
5745.89,5017.61,1,1,3965.787117,0.679636,105.858459
5818.24,5164.46,1,1,3966.082362,0.737318,105.094162
5625.19,5084.47,1,1,3966.37762,0.589778,106.629997
5781.74,5210.55,1,1,3966.672829,0.740949,108.232941
5662.6,5134.78,1,1,3966.968037,0.618117,107.348259
5778.22,5280.38,1,1,3967.29606,0.834826,106.284119
5817.4,5261.24,1,1,3967.558541,0.800428,107.012543
5820.38,5382.31,1,1,3968.083418,0.435832,107.510956
5780.06,5391.74,1,1,3968.345808,0.845271,111.633934
5774.55,5390.08,1,1,3968.608265,0.841875,114.135468
5648.42,4877.95,1,1,3969.625089,0.386406,159.9048
6047.5,5000.55,1,1,3969.953144,0.566668,112.022209
5751.67,4718.14,1,1,3970.871589,0.498364,108.704109
5844.68,4867.79,1,1,3971.855577,0.577902,118.827148
5842.99,4923.13,1,1,3972.446073,0.709811,112.558136
5662.67,5069.38,1,1,3972.774174,0.769842,111.666092
5704.67,5071.1,1,1,3973.036649,0.7567,108.350418
5725.61,5072.34,1,1,3973.29911,0.719729,106.84861
5706.58,5075.04,1,1,3973.561557,0.721838,106.592987
5527.41,5007.49,1,1,3973.922374,0.650323,109.182938
5628.84,5098.44,1,1,3974.25042,0.759578,108.795113
6879.89,6222.5,1,1,3975.857934,0.547942,114.983368
6778.99,5928.28,1,1,3976.218814,0.652675,114.373436
6814.19,6702.22,1,1,3976.514052,0.733378,117.495186
6891.18,6721.64,1,1,3976.776461,0.829841,114.305809
6913.35,5848.05,1,1,3977.071712,0.845935,114.028519
6925.76,5794.33,1,1,3977.334163,0.844829,113.951889
6949.68,5837.66,1,1,3977.596587,0.72607,114.748703
6971.66,5856.5,1,1,3977.859045,0.833605,117.330719
7044.16,5940.6,1,1,3978.121475,0.796938,115.37767
3461.64,4824.9,1,1,3978.777595,0.393301,104.484512
3355.36,4966.17,1,1,3979.532104,0.553624,71.614868
7633.04,6909.51,1,1,3980.253786,0.612445,116.204681
6949.84,6188.64,1,1,3980.647418,0.904595,115.866028
6983.35,6301.6,1,1,3980.909834,0.378271,95.810654
6886.15,6075.24,1,1,3981.172258,0.847782,112.984856
6777.35,5984.17,1,1,3981.46748,0.839965,112.799004
6898.39,7154.53,1,1,3981.762669,0.810334,109.167168
7040.46,6926.04,1,1,3982.0251,0.597642,107.387817
6851.38,7768.86,1,1,3982.320332,0.690154,106.869431
6771.14,6075.55,1,1,3982.615568,0.808513,107.169281
6806.5,6029.92,1,1,3982.878056,0.716831,111.55098
6831.16,5984.29,1,1,3983.140496,0.81579,110.39109
6829.28,5953.58,1,1,3983.402902,0.827559,110.990784
6746.43,5901.44,1,1,3983.665336,0.741736,111.933174
6720.36,5878.94,1,1,3983.927802,0.80735,110.370789
6872.61,5568.41,1,1,3984.223022,0.802944,109.376587
6342.11,5244.41,1,1,3984.518263,0.480258,120.739647
6238.23,5257.48,1,1,3984.813473,0.506951,105.245964
6277.73,5250.83,1,1,3985.075835,0.733143,110.983521
6324.28,5251.99,1,1,3985.338246,0.763673,108.300583
6395.03,5382.21,1,1,3985.600733,1,102.830513
6365.22,5471.22,1,1,3985.863131,0.857159,101.054115
6349.55,5571.81,1,1,3986.125542,0.88059,99.005424
6292.29,5643.8,1,1,3986.387991,0.962603,101.387665
6393.24,5648.18,1,1,3986.748842,0.890225,105.353165
6079.18,5512.4,1,1,3987.044132,0.959991,102.722107
6373.58,5637.45,1,1,3987.306507,0.964764,103.561592
6285.88,5565.26,1,1,3987.568928,1,103.817131
6286.74,5582.48,1,1,3987.831306,0.971974,105.739578
6309.14,5694.94,1,1,3988.093713,1,106.827042
6378.36,5842.68,1,1,3988.356134,0.609384,106.560699
6403.2,5967.37,1,1,3988.618555,0.973367,111.882957
6399.93,5985.66,1,1,3988.880956,1,109.78508
6160.43,5855.27,1,1,3989.241768,0.892448,109.502586
6434.7,5968.05,1,1,3989.504216,1,108.640526
6407.48,5955.91,1,1,3989.766643,0.83347,108.800079
6281.47,5948.98,1,1,3990.029035,0.997777,104.951691
6145.09,6005.43,1,1,3990.324317,0.965541,105.143623
6261.11,6222.33,1,1,3990.586787,1,104.055046
6310.95,6314.23,1,1,3990.849252,0.973737,103.866318
6188.7,6266.93,1,1,3991.144506,0.945183,106.053368
6078.06,6140.01,1,1,3991.40701,0.992734,100.985374
6196.57,6230.44,1,1,3991.735052,0.979842,106.211639
6181.5,6786.43,1,1,3992.030266,0.473104,83.816666
6207.55,6018.88,1,1,3992.358348,0.961366,101.792435
6167.11,6026.77,1,1,3992.620808,1,100.900513
6198.46,6069.71,1,1,3992.883256,0.935678,104.097588
6158.24,6037.08,1,1,3993.145734,1,101.554832
6187.3,6093.38,1,1,3993.408163,0.868473,100.55246
6257.56,6184.93,1,1,3993.670557,1,100.095757
6279.19,6173.46,1,1,3993.933015,1,103.792686
5725.03,6961.98,1,1,3994.654721,0.527315,110.284973
5938.7,7101.18,1,1,3994.949992,0.681653,114.371216
5926.12,7072.57,1,1,3995.212421,0.861434,114.543213
5907.27,7039.93,1,1,3995.474847,0.823425,108.021255
6022.42,6351.6,1,1,3995.835688,0.511966,105.114365
6039.77,5927.44,1,1,3996.130965,0.891035,109.011559
6050.72,5837.3,1,1,3996.393416,0.96516,112.291237
6092.89,5927.62,1,1,3996.655882,0.748184,112.715179
6229.42,5897.47,1,1,3996.9183,1,109.596092
6199.01,5810.36,1,1,3997.180743,0.956668,111.532669
6231.33,5611.44,1,1,3997.443172,0.632299,114.542351
6246.54,5544.4,1,1,3997.705579,1,116.430649
6394.58,5686.33,1,1,3998.000836,0.929057,115.218262
6372.34,5822.71,1,1,3998.263279,0.882405,108.880074
6364.02,5894.43,1,1,3998.525752,0.965492,109.051651
6360.87,5880.63,1,1,3998.788222,1,106.356873
6266.24,5820.2,1,1,3999.050632,0.962449,105.307922
6160.41,6044.88,1,1,3999.313111,0.890189,103.651741
6131.24,6409.55,1,1,3999.575593,1,103.977425
6096.9,6400.94,1,1,3999.870912,0.985125,105.033165
6201.33,6392.93,1,1,4000.133364,0.978205,107.876915
6212.15,6430.39,1,1,4000.395801,0.622146,106.41478
6188.49,6352.26,1,1,4000.658228,0.812212,108.920761
6196.1,6354.31,1,1,4000.920669,0.840217,103.732841
6098.88,6400.23,1,1,4001.183093,0.966576,100.851303
5951.83,6377.35,1,1,4001.445553,0.705537,100.47821
5945.06,6388.06,1,1,4001.707999,0.901969,103.618378
6008.95,6394.87,1,1,4001.970466,1,100.517349
6233.28,6543.67,1,1,4002.232939,0.904489,105.101608
6145.69,6537.16,1,1,4002.561006,0.581791,109.887413
6168.1,6579.44,1,1,4002.823443,0.616914,109.578896
6094.92,6539.76,1,1,4003.085918,0.885189,106.872574
6100.35,6564.33,1,1,4003.381155,0.806241,107.413177
5989.15,6675,1,1,4004.004432,0.531802,117.116707
6166.18,6647.75,1,1,4004.332463,0.554841,112.584335
6031.82,6584.81,1,1,4004.594871,0.690561,112.26593
6156.12,6647.56,1,1,4004.857369,0.853106,108.115837
6146.2,6626.47,1,1,4005.119783,0.807941,107.81797
6110.34,6276.67,1,1,4005.611822,0.865634,107.347755
6020.45,6216.76,1,1,4005.90705,0.397001,108.494423
6159.36,6219.79,1,1,4006.20233,0.64155,113.270119
6106.29,6133.19,1,1,4006.464775,0.755,112.994232
6088.14,6085.7,1,1,4006.76005,0.901352,114.509819
6147.61,6118.63,1,1,4007.022468,0.903744,112.392639
6153.12,6105.45,1,1,4007.284904,0.832827,110.731712
6159.76,6173.81,1,1,4007.580174,0.320848,108.942863
6215.83,6135.45,1,1,4007.875401,1,108.660988
6221.74,6233.13,1,1,4008.137859,1,106.536774
6121.52,6277.33,1,1,4008.433101,0.812793,107.024597
6153.72,6349.05,1,1,4008.695491,0.917003,103.69149
6155.48,6305.29,1,1,4008.957918,0.768129,106.709419
6139.65,6151.95,1,1,4009.220313,1,103.952103
6103.86,6107.13,1,1,4009.482784,0.81091,104.100952
6168.65,6057.99,1,1,4009.745245,0.934859,108.15097
6043.38,6162.32,1,1,4010.007643,0.843415,110.019737
6051.3,6156.66,1,1,4010.270031,0.794521,111.549942
6461.33,6663.78,1,1,4011.812047,0.644718,109.50589
6356.53,6584.53,1,1,4012.107311,0.836841,112.841797
6156.42,6363.79,1,1,4012.468191,0.902111,109.389252
6120.43,6396.75,1,1,4012.993077,0.508837,127.24041
6260.35,6461.12,1,1,4013.255512,0.620906,108.231453
6378.75,6494.02,1,1,4013.517948,0.84676,107.936905
6378.76,6472.5,1,1,4013.780446,0.800389,107.481895
6391.42,6411.48,1,1,4014.042901,0.99451,106.368919
6391.17,6402.43,1,1,4014.305389,0.727391,110.587265
6247.79,5477.39,1,1,4014.600658,0.943733,108.283127
7654.93,7036.84,1,1,4014.961551,0.508989,71.439537
6093.14,5452.96,1,1,4015.35523,0.796279,112.883026
5881.24,6273.67,1,1,4015.683243,0.487674,111.002777
6716.41,5839.18,1,1,4016.142553,0.80099,109.824486
4308.52,6128.53,1,1,4017.126793,0.642092,114.30024
4049.16,5918.74,1,1,4017.422102,0.632266,112.698593
5855.59,5534.25,1,1,4018.471947,0.573268,98.096992
5446.04,5468.62,1,1,4019.587436,0.4049,106.99791
5460.26,5515.58,1,1,4019.94832,0.922412,100.063576
5367.74,5416.48,1,1,4020.86686,0.626927,104.898941
5710.59,5565.38,1,1,4021.129345,0.767355,107.159126
5623.76,5574.43,1,1,4021.523069,0.549366,107.847305
5525.23,5517.12,1,1,4021.785568,0.798778,108.776398
5473.01,5464.88,1,1,4022.048029,0.636198,107.876274
5681.48,5668.98,1,1,4023.65538,1,105.265831
5631.97,5822.28,1,1,4024.278655,1,99.040695
5514.34,5864.94,1,1,4024.869273,0.982341,95.240578
5737.6,5692.45,1,1,4025.722235,0.615235,97.751328
5824.55,5736.7,1,1,4026.017497,0.77688,95.941978
5865.76,5725.14,1,1,4026.279951,0.964955,93.222107
5834.49,5755.42,1,1,4026.870374,1,95.149467
5833.75,5747.88,1,1,4027.132841,0.966569,99.876366
7031.83,5511.82,1,1,4027.428126,0.900071,100.351425
6820.95,6034.95,1,1,4027.78901,0.784061,105.409378
6758.54,5993.08,1,1,4028.051461,1,110.331299
6542.67,5989.98,1,1,4028.313924,0.660492,108.443115
6923.59,6570.71,1,1,4028.773253,0.703788,112.007271
6083.62,4667.26,1,1,4029.396499,0.348751,98.69754
5646.43,3977.96,1,1,4030.085324,0.670332,114.64695
6420.94,4018.63,1,1,4031.758451,0.497086,98.711052
6801.89,4052.69,1,1,4032.972278,0.516257,80.405533
6643.1,4013.81,1,1,4033.234715,0.629593,90.434357
6001.56,3911.67,1,1,4033.595549,0.596831,107.914139
5269.88,3976.8,1,1,4034.350074,0.509155,107.199219
5526.19,3981.41,1,1,4034.645266,0.539138,100.777534
5742.97,3906.43,1,1,4035.006083,0.624589,102.789459
5797.94,3949.96,1,1,4035.268495,0.596051,107.246475
5887.53,3898.18,1,1,4035.82613,0.340386,109.219589
5950.41,3859.53,1,1,4036.08851,0.655181,107.506157
5743.71,3810.41,1,1,4036.44935,0.733484,107.227692
5775.09,3829.58,1,1,4036.711789,0.704636,107.784164
5810.68,3865.56,1,1,4036.974225,0.643197,103.71357
5861.6,3982.18,1,1,4037.269461,0.463703,105.928436
5988.88,3896.88,1,1,4037.761498,0.610322,103.546303
6048.71,3874.96,1,1,4038.155189,0.474468,100.879684
6014.9,3781.89,1,1,4038.483288,0.402535,97.059097
5938.79,3692.47,1,1,4038.778515,0.825622,100.378273
5983.16,3711.1,1,1,4039.04093,0.508868,100.278793
5952.59,3821.42,1,1,4039.303367,0.607688,97.359673
5909.52,3803.36,1,1,4039.565841,0.6001,99.081329
5828.69,3874.26,1,1,4039.828247,0.780265,98.997086
5779.99,3859.29,1,1,4040.090687,0.66547,99.157074
5765.32,3810.2,1,1,4040.38597,0.670434,100.940804
5516.51,3485.24,1,1,4040.77967,0.475112,102.200829
5664.36,3472.8,1,1,4041.140532,0.627054,106.876556
5672.41,3610.81,1,1,4041.435772,0.665655,105.215714
5565,3785.15,1,1,4041.796642,0.677874,100.112625
6102.87,3704.24,1,1,4042.157465,0.398196,104.214531
5814.77,3654.99,1,1,4042.452664,0.79896,104.99115
5746.41,3627.09,1,1,4042.715157,0.662,101.76635
5717.54,3602.8,1,1,4042.977625,0.770405,100.503235
5734.1,3653.68,1,1,4043.240052,0.661041,100.073303
5715.28,3741.53,1,1,4043.502477,0.75977,101.225456
5567.38,3869.48,1,1,4043.830493,0.691833,99.702103
5604.93,3931.32,1,1,4044.092906,0.627503,99.02906
5638.36,3972.44,1,1,4044.355273,0.793677,99.838493
5978.16,4141.47,1,1,4044.81455,0.426598,101.295464
6452.81,4276.18,1,1,4045.240997,0.444497,57.382698
6136.75,4052.14,1,1,4045.831467,0.499778,87.99144
6425.58,4113.16,1,1,4046.45472,0.459598,67.627319
6283.15,4072.86,1,1,4046.782819,0.561087,93.124695
6416.96,4150.66,1,1,4047.340481,0.370487,89.358322
6447.05,4168.82,1,1,4048.226205,0.434695,84.681961
6405.63,4157.92,1,1,4048.751099,0.441303,109.138191
6324.94,4149.53,1,1,4049.374378,0.511797,87.836929
6680.62,4273.91,1,1,4049.964838,0.486114,100.902229
6467.16,4143.62,1,1,4050.489725,0.487042,108.306984
6748.16,4322.99,1,1,4051.342713,0.446359,94.183708
6803.71,4329.56,1,1,4051.834842,0.5093,106.988884
6505.38,4239.96,1,1,4052.130077,0.455502,102.602486
6104.06,3994.24,1,1,4052.458071,0.448911,121.727676
6821.02,4295.39,1,1,4053.474987,0.505218,80.239105
6799.79,4172.18,1,1,4054.032676,0.485467,104.758606
6626.75,3910.25,1,1,4055.016821,0.499748,83.210159
6681.74,4018.24,1,1,4055.312075,0.524589,97.678185
6994.44,4207.42,1,1,4055.607261,0.405695,105.959984
7011.82,4215.25,1,1,4055.869717,0.69256,105.552788
6859.84,4225.39,1,1,4056.26338,0.583863,85.596397
6698.02,4203.74,1,1,4056.525801,0.642216,102.982513
6635.29,4119.61,1,1,4057.57571,0.51239,84.888527
6641.32,4217.27,1,1,4058.691159,0.598467,80.945671
6558.61,3999.08,1,1,4059.544113,0.436799,88.808182
6508.75,4048.24,1,1,4060.331451,0.378413,99.764893
7266.25,4166.17,1,1,4061.15163,0.452044,104.637344
7381.7,5592.02,1,1,4061.512513,0.985757,104.53096
6403.5,5909.29,1,1,4061.971796,1,98.494873
6423.66,5882.92,1,1,4062.234236,1,101.541756
6335.72,6977.41,1,1,4062.529478,0.601813,103.473251
6323.98,6851.55,1,1,4062.791942,0.650662,107.557953
6681.47,5109.29,1,1,4063.08719,0.880454,100.488922
6374.8,4880.13,1,1,4063.349626,0.466868,97.717346
6341.49,4943.44,1,1,4063.677626,0.588583,93.670769
6306.2,5276.84,1,1,4063.94006,0.618703,105.306778
5901.86,6501.75,1,1,4064.300957,0.751925,107.550507
6090.75,6464.45,1,1,4064.661803,0.728962,96.927422
6221.24,6530.74,1,1,4064.924253,0.763649,90.842255
6274.95,6526.95,1,1,4065.18669,0.813333,95.206421
6110.58,6349.13,1,1,4065.613124,1,99.871445
6088.36,6324.88,1,1,4065.875564,0.731093,100.481407
6433.13,6519.7,1,1,4066.137969,0.786711,99.169121
6467.94,6552.85,1,1,4066.400406,0.98701,98.008186
6368.39,6736.57,1,1,4066.662838,0.58292,95.323311
6344.45,6739.1,1,1,4066.925306,0.976092,96.55658
6126.11,6675.9,1,1,4067.220579,0.757025,94.619766
6448.63,6813.65,1,1,4067.483001,0.721675,99.71344
6498.4,6812.37,1,1,4067.745433,0.751489,96.48233
6357.9,6621.61,1,1,4068.139139,0.659599,105.102806
6300.9,6606.87,1,1,4068.4672,0.579882,96.721153
6172.04,6493.06,1,1,4068.729628,0.768756,96.331573
6173.98,6431.6,1,1,4068.992009,0.894346,95.011192
6391.07,6562.22,1,1,4069.320123,0.893109,93.7584
6295.93,6538.96,1,1,4069.648167,1,97.043945
6311.7,6559.08,1,1,4069.910647,0.840453,96.495461
6391.19,6552.87,1,1,4070.173128,1,96.401886
6487.19,6373.4,1,1,4070.468365,0.892179,92.241417
6471.54,6356.13,1,1,4070.763592,0.77317,92.113068
6682.37,6459.24,1,1,4071.026033,0.978532,93.418961
6700.02,6452.38,1,1,4071.288475,0.780411,95.663216
6671.52,6528.77,1,1,4071.550927,1,99.824051
6474.5,6446.74,1,1,4071.813381,0.763063,97.149063
6401.15,6407.5,1,1,4072.141419,1,100.824013
6364.16,6416.44,1,1,4072.403832,0.917546,95.489067
6516.64,6488,1,1,4072.666312,0.991025,94.593887
6427.64,6427.25,1,1,4072.994352,1,92.461884
6451.92,6491.36,1,1,4073.289601,0.799891,94.849609
6517.51,6536.16,1,1,4073.552068,0.942381,93.815872
6659.78,6604.14,1,1,4073.814533,0.927355,94.75634
6685.62,6583.95,1,1,4074.076975,0.817172,96.369278
6949.69,6737.2,1,1,4074.339379,0.902538,92.580254
6951.03,6749.7,1,1,4074.601839,1,100.090965
6751.28,6690.47,1,1,4074.864289,0.901152,101.576164
6619.72,6611.27,1,1,4075.126743,0.788221,99.908485
6916.11,6811.53,1,1,4075.389195,0.941098,97.912308
7039.75,5547.36,1,1,4075.651622,0.891212,99.110992
6688.87,6648.52,1,1,4075.946901,0.82952,96.576691
6780.09,6692.62,1,1,4076.242165,0.870605,105.118958
6927.66,6733.96,1,1,4076.504591,0.932946,103.912224
7001.57,6775.25,1,1,4076.767053,0.948161,105.46386
6870.42,6562.09,1,1,4077.127895,0.905031,109.245346
6690.22,6452.9,1,1,4077.390341,0.588213,108.121429
6470.31,6380.66,1,1,4077.652773,0.480592,108.673126
6498.5,6377.69,1,1,4077.915212,0.940736,105.528938
6804.48,6570.08,1,1,4078.210436,0.713324,103.526016
6698.31,6501.99,1,1,4078.472857,0.866972,105.527489
6554.93,6425.46,1,1,4078.800936,0.985024,104.868271
6568.76,6437.04,1,1,4079.063377,1,104.916275
6902.57,5305.32,1,1,4079.358625,1,100.54879
6964.1,5316.7,1,1,4079.621083,0.732631,104.936203
6074.09,4209.73,1,1,4080.34275,0.473296,109.69796
6321.63,4382.83,1,1,4081.130056,0.534486,85.752975
6358.35,4461.69,1,1,4081.983055,0.58737,103.047821
6429.26,4468.63,1,1,4082.639249,0.487583,98.707542
6364.3,4388.65,1,1,4083.000079,0.482202,92.474335
6153.94,4135.94,1,1,4083.459387,0.389013,110.760986
6753.25,4368.57,1,1,4084.345206,0.476723,88.170753
6548.32,4271.46,1,1,4084.706085,0.568618,113.006302
6518.12,4329.61,1,1,4085.231004,0.493541,107.037216
6608.12,4998.12,1,1,4085.526266,0.898121,104.792191
6610.13,5001.95,1,1,4085.788688,0.88946,104.404205
6746.19,5162.34,1,1,4086.247973,0.544912,75.399323
6386.47,5064.93,1,1,4086.543194,0.79752,100.185112
7383.87,4781.33,1,1,4086.805604,0.620457,78.656715
7365.16,4936.44,1,1,4087.06805,0.942782,105.705772
7371.93,4903.87,1,1,4087.33047,0.75317,110.8554
5426.86,4032,1,1,4087.75691,0.738571,105.960365
7357.51,4663.2,1,1,4088.281866,0.530865,106.808228
5857.66,4231.41,1,1,4088.642739,0.452563,99.835442
5846.69,5150.13,1,1,4089.102071,0.653196,97.754234
6692.72,5519.33,1,1,4089.430111,1,99.256859
7214.26,5230.11,1,1,4089.692584,0.800569,106.766968
6396.06,4398.76,1,1,4091.16887,0.393276,90.43856
6071.46,4859.77,1,1,4091.857734,0.81549,98.854485
6648.5,6386.03,1,1,4093.137041,0.804212,97.41832
6767.63,6975.19,1,1,4093.6947,0.629644,109.031357
6477.09,6460.92,1,1,4094.022727,0.689682,109.212105
6476.45,6255.25,1,1,4094.285183,0.753613,111.323486
6495.95,6005.68,1,1,4094.547651,0.802027,111.430954
6443.35,5959.81,1,1,4094.810048,0.87531,108.530991
6567.02,5972.02,1,1,4095.072546,0.800068,105.27771
6603.92,6004.41,1,1,4095.335046,1,108.865639
6343.59,5966.5,1,1,4095.597512,0.940033,107.213379
6365.11,5946.83,1,1,4095.860016,0.904276,105.937775
6286.45,5979.79,1,1,4096.188089,0.995768,98.543945
6290.4,6055.68,1,1,4096.450509,1,96.68821
6407.1,6108.39,1,1,4096.712975,0.793269,96.875237
6675.2,6275.41,1,1,4096.975401,1,102.281967
6687.23,6297.24,1,1,4097.237899,0.91888,103.549042
6629.69,6243.59,1,1,4097.500364,0.882771,101.5644
6630.43,6219.72,1,1,4097.762808,0.895647,99.216644
6646,6155.84,1,1,4098.025224,0.959167,99.356255
6587.9,6183.77,1,1,4098.287707,1,100.976387
6588.63,6179.32,1,1,4098.550175,1,99.396927
6591.78,6196.33,1,1,4098.812622,0.92931,100.386505
6548.63,6210.15,1,1,4099.075053,0.787324,98.038017
6548.12,6231.5,1,1,4099.337479,0.680171,96.459923
6621.66,6301.34,1,1,4099.599867,1,95.813843
6618.18,6311,1,1,4099.862307,1,95.084961
6623.44,6303.76,1,1,4100.124776,0.773889,95.07843
6618.6,6301.03,1,1,4100.387179,1,98.723709
6631.93,6320.28,1,1,4100.64958,1,96.214607
6575.17,6325.52,1,1,4100.912042,0.7339,99.133224
6455.39,6501.13,1,1,4101.174468,0.650649,100.465622
6392.69,6574.84,1,1,4101.436923,1,99.680519
6407.62,6645.51,1,1,4101.699396,0.904974,99.219299
6388.07,6752.79,1,1,4101.961865,0.842006,102.540436
6294.18,6852.01,1,1,4102.388396,0.954399,102.239624
6273.83,6870.98,1,1,4102.650804,0.853516,99.651001
6338.01,6879.6,1,1,4102.913239,1,97.479614
6274.38,6803.98,1,1,4103.175713,0.836249,93.886246
6312.76,6770.69,1,1,4103.438141,0.841807,96.725227
6359.95,6646.05,1,1,4103.70057,0.880971,94.649902
6263.89,6611.41,1,1,4103.963084,0.920913,94.639839
6316.36,6608.17,1,1,4104.225527,1,94.425537
6299.56,6574.22,1,1,4104.488043,0.91794,89.850456
6364.41,6574.68,1,1,4104.750517,0.861038,93.585838
6440.42,6586.5,1,1,4105.012953,0.950148,94.342613
6444.16,6573.76,1,1,4105.275431,0.830541,95.151299
6353.66,6516.86,1,1,4105.537918,1,91.270714
6642.4,6729.27,1,1,4105.800398,0.658109,90.193199
6664.02,6711.76,1,1,4106.062896,0.989155,92.778847
6550.97,6619.09,1,1,4106.32534,0.768822,96.643028
6516.91,6555.49,1,1,4106.587796,0.895301,99.555328
6496.41,6418.27,1,1,4106.850247,0.597958,96.893967
6491.59,6240.78,1,1,4107.112693,0.879174,93.4161
6469.25,6174.48,1,1,4107.375188,0.880156,95.423645
6413.08,6101.84,1,1,4107.637614,0.673706,88.890907
6379.2,5991.16,1,1,4107.900114,1,95.065643
6295.1,5845.6,1,1,4108.22825,0.797543,94.995941
6294.12,5857.7,1,1,4108.490747,0.825075,93.124008
6259.13,5890.58,1,1,4108.753202,1,90.702805
6244.57,5983.45,1,1,4109.01573,0.807098,93.324905
6311.6,6108.89,1,1,4109.278204,0.89897,94.535637
6590.18,6322.97,1,1,4109.573454,0.991977,91.673775
6597.61,6299.26,1,1,4109.835935,0.904054,94.409477
6581.04,6309.49,1,1,4110.098417,1,91.901299
6503.66,6397.03,1,1,4110.360878,0.96718,90.263115
6356.19,6570.85,1,1,4110.656189,0.602091,91.79039
6182.16,6836.14,1,1,4110.951466,0.920446,92.723801
6098.03,7145.37,1,1,4111.213928,0.845486,90.868881
6045.25,7318.95,1,1,4111.47636,0.9653,89.398483
6066.09,7493.25,1,1,4111.738817,0.787477,91.678993
5988.58,7550.21,1,1,4112.001239,0.893025,93.776047
5893.74,7692.88,1,1,4112.263736,0.926264,93.116241
5810.89,7681.08,1,1,4112.526163,0.730227,91.523438
6146.78,7770.23,1,1,4112.821401,0.881985,90.673622
6142.33,7602.19,1,1,4113.083869,0.883836,95.03595
6244.8,7617.51,1,1,4113.346259,0.879927,97.328949
6234,7538.28,1,1,4113.608727,1,98.675858
6249.66,7541.63,1,1,4113.871187,1,94.243202
6163.9,7362.62,1,1,4114.232063,0.751442,96.375031
6330.78,7217.36,1,1,4114.527397,1,100.582191
6365.54,7207.63,1,1,4114.789846,0.79181,99.48468
6279.29,6922.68,1,1,4115.15081,0.811564,97.143761
6320.05,6919.08,1,1,4115.413315,0.937463,96.728539
6395.16,6705.46,1,1,4115.675806,0.737134,98.37439
6378.41,6694.38,1,1,4116.1351,0.327557,89.168892
6459.21,6695.35,1,1,4116.430381,1,95.989799
6492.34,6768.2,1,1,4116.692814,0.915496,96.593353
6525.5,6560.05,1,1,4116.955259,0.904901,93.119919
6371.54,6537.99,1,1,4117.217696,1,97.26062
6404.97,6348.72,1,1,4117.480159,0.954565,94.426468
6350.15,6176.9,1,1,4117.742627,1,90.948906
6401.19,6291.45,1,1,4118.005152,1,87.53997
6438.32,6319.08,1,1,4118.300445,0.982253,94.276947
6431.19,6375.36,1,1,4118.56291,1,92.645264
6447.53,6541.33,1,1,4118.825313,1,96.359337
6320.62,6597.56,1,1,4119.087769,1,95.99408
6337.98,6610.08,1,1,4119.350178,0.819322,97.96373
6247.25,6613.51,1,1,4119.61262,1,98.973267
6222.13,6641.74,1,1,4119.875068,0.920757,96.147316
6622.18,6697.79,1,1,4120.203185,0.80965,93.947563
6642.33,6741.13,1,1,4120.465607,0.895992,101.271996
6463.46,6613.69,1,1,4120.760817,0.677404,98.923981
6454.12,6659.63,1,1,4121.023295,0.890919,97.56591
6634.4,6653.69,1,1,4121.318523,0.787527,93.064194
6487.96,6570.05,1,1,4121.679369,0.695531,98.341484
6472.78,6591.19,1,1,4121.941846,0.764313,98.75354
6316.36,6485.28,1,1,4122.23706,1,95.220108
6755.28,4893,1,1,4122.597949,0.651427,92.698555
6257.4,6601.28,1,1,4122.95885,0.554158,98.040993
6298.27,6545.42,1,1,4123.221319,0.971083,104.313568
6304.81,6555.23,1,1,4123.483786,0.778665,102.636711
6221.1,6520.58,1,1,4123.746237,0.849465,96.689011
6584.74,6723.96,1,1,4124.074232,0.883517,96.193047
6642.42,6733.02,1,1,4124.336716,0.83394,99.339676
6428.57,6642.11,1,1,4124.631948,0.949587,96.482376
6329.38,6592.29,1,1,4124.894396,1,94.845695
6311.39,6573.98,1,1,4125.156837,0.920742,95.259796
6246.62,6491.76,1,1,4125.419281,0.508177,98.022346
6214.43,6434.54,1,1,4125.681744,1,96.649826
6009.38,6289.97,1,1,4125.977023,0.900183,98.108086
6007.98,6268.17,1,1,4126.239473,0.930892,100.401009
5939.88,6192.87,1,1,4126.501985,0.825518,99.535896
6050.66,6134.66,1,1,4126.764447,1,96.195946
6411.93,6191.33,1,1,4127.026919,0.854499,95.048126
6434.88,6152.89,1,1,4127.289321,0.950855,95.089317
6512.86,6159.33,1,1,4127.55179,0.809185,101.819923
6396.85,6045.5,1,1,4127.814205,1,104.312218
6226.42,5935.43,1,1,4128.076633,1,103.081566
6212.95,5930,1,1,4128.339095,0.949638,97.530647
6207.92,5967.85,1,1,4128.601533,0.941323,94.519432
6270.78,6124.07,1,1,4128.864005,1,93.943077
6274.56,6156.92,1,1,4129.126408,0.997842,91.095665
6324.52,6212.17,1,1,4129.38887,0.72964,91.929703
6344.86,6234.07,1,1,4129.651303,0.964263,94.242493
6446.46,6298.45,1,1,4129.913729,0.971837,95.85556
6562.89,6323,1,1,4130.176181,0.856229,93.340401
6619.65,6347.36,1,1,4130.471459,0.719033,94.785606
6568.2,6383.27,1,1,4130.73397,0.895557,95.028061
6376.73,6283.95,1,1,4130.996376,0.877958,96.110321
6691.52,6414.87,1,1,4131.258825,0.835745,95.201492
6692.16,6356.98,1,1,4131.52135,0.790595,99.026306
6594.08,6248,1,1,4131.783834,0.758589,98.516556
6450.16,6110.67,1,1,4132.11197,0.841726,97.851341
6387.47,6095.84,1,1,4132.374409,0.963307,98.946983
6167.49,5997.78,1,1,4132.636877,0.889037,98.816902
6156.33,5946.68,1,1,4132.899314,0.917548,100.397247
6175.69,5825.42,1,1,4133.16176,0.734132,101.290771
6170.01,5627.52,1,1,4133.424198,0.621196,101.537132
6118.86,5569.22,1,1,4133.686649,1,98.469193
6025.87,5471.49,1,1,4133.949087,0.878864,102.439087
5944.51,5416.92,1,1,4134.211558,0.994423,101.189392
6030.61,5421.48,1,1,4134.506767,0.916409,98.802216
6125.96,5432.48,1,1,4134.769164,0.790607,99.993797
6184.76,5484.91,1,1,4135.031613,0.961888,101.816315
6081.59,5461.88,1,1,4135.294044,0.597136,100.454651
6127.02,5447.67,1,1,4135.556482,1,97.517258
6163.94,5474.98,1,1,4135.818961,0.928209,98.963013
6156.4,5443.2,1,1,4136.081418,0.761376,99.001663
6172.47,5449.25,1,1,4136.343861,1,102.008751
6282.6,5471.99,1,1,4136.671882,1,98.172638
6358.37,5532.17,1,1,4137.03279,0.886247,102.475967
6247.36,5595.6,1,1,4137.327985,0.54621,105.268585
6445.82,5617.39,1,1,4137.59043,0.691792,103.483299
6495.02,5669.69,1,1,4137.852867,0.996733,104.256676
6452.37,5675.99,1,1,4138.115298,1,105.642212
6504.32,5685.76,1,1,4138.377782,1,103.766724
6457.61,5657.83,1,1,4138.640221,0.694683,105.382797
6451.41,5646.73,1,1,4138.902639,1,100.17482
6451.43,5626.49,1,1,4139.165074,1,102.621902
6624.59,5728.94,1,1,4139.427529,1,103.499702
6351.16,5748.38,1,1,4139.952436,0.891099,105.036751
6131.63,5808.08,1,1,4140.214895,0.746539,97.148666
5979.37,6286.14,1,1,4140.542991,0.93823,96.56002
5903.84,6377.76,1,1,4140.936684,0.574148,95.256218
5904.58,6641.52,1,1,4141.264751,0.99714,97.968666
5960.11,6680.95,1,1,4141.527242,0.86224,99.856003
6119.6,6355.07,1,1,4142.183371,0.698198,99.534447
6144.38,6186.51,1,1,4142.445808,0.797198,104.788147
6166.99,6034.79,1,1,4142.708252,0.871475,103.96125
6205.9,5822.76,1,1,4142.970676,0.928445,103.494652
6148.06,5594.94,1,1,4143.331529,0.517343,103.8666
6198.34,5515.18,1,1,4143.594001,0.896761,103.180794
6393.79,5581.95,1,1,4143.92208,0.850461,102.079552
6531.45,5457.82,1,1,4144.184465,0.729412,105.230217
6484.38,5515.15,1,1,4144.446906,0.611425,106.367485
6401.48,5575.22,1,1,4144.709414,0.942552,103.022423
6331.57,5650.5,1,1,4144.971872,0.840827,100.756378
6294.99,5934.38,1,1,4145.299982,0.996001,102.955566
6310.05,5951.14,1,1,4145.562387,0.748117,104.556351
6224.65,5889.83,1,1,4145.857649,0.853113,100.817856
6237.21,5888.01,1,1,4146.120158,0.900638,101.457275
6325.49,5756.95,1,1,4146.382636,0.868054,97.920067
6154.16,4499.34,1,1,4146.74348,0.506823,89.519287
5571.58,5542.26,1,1,4147.366818,1,95.05098
6031.59,5754.38,1,1,4147.629251,0.648467,97.862556
6231.63,5386.7,1,1,4147.95726,0.914584,102.992416
5903.35,6838.41,1,1,4148.285293,0.538127,105.197067
5966.28,7026.71,1,1,4148.547714,0.652856,105.967499
5992.12,7137.16,1,1,4148.810183,0.669302,106.986893
6016.08,7110.46,1,1,4149.072671,0.8762,106.111931
6154.84,7032.56,1,1,4149.367912,0.654289,104.460876
6560.88,5831.69,1,1,4149.69597,0.544073,100.026253
6367.58,5941.5,1,1,4149.958391,0.538181,96.158089
5597.96,5292.38,1,1,4150.352056,0.681583,103.058716
5507.32,5408.27,1,1,4150.680135,0.809334,101.535461
5614.28,5632.48,1,1,4150.942637,0.899528,100.657318
6137.16,5864.66,1,1,4151.270711,1,97.367142
6120.77,5856.08,1,1,4151.53316,1,98.622116
6012.82,5796.79,1,1,4151.795601,1,99.503059
6063.36,5795.37,1,1,4152.058013,0.981028,96.550346
6411.68,5978.83,1,1,4152.386083,1,98.186844
6238.56,5908.18,1,1,4152.648553,1,99.120895
6332.75,5973.03,1,1,4152.910999,1,100.194588
6471.57,6052.67,1,1,4153.173469,0.944555,103.68013
6336.65,6099.83,1,1,4153.665544,0.515953,112.594086
6330.65,5986.65,1,1,4153.927972,1,99.770134
6352.19,5892.41,1,1,4154.190423,0.791313,102.962639
6388.18,5925.9,1,1,4154.452871,0.997613,104.942497
6387.84,5898.06,1,1,4154.715347,1,105.85704
6331.56,5842.09,1,1,4154.97782,0.771737,102.927559
6358.7,5835.26,1,1,4155.240244,1,99.436974
6404.56,5862.8,1,1,4155.502733,1,97.483894
6403.06,5836.5,1,1,4155.765214,1,101.405167
6398.1,5829.6,1,1,4156.027679,1,101.079109
6645.16,6061.47,1,1,4156.290203,1,101.160309
6304.84,6402.38,1,1,4156.552599,0.909704,100.345192
6393.53,7223.73,1,1,4156.847843,0.687252,101.104515
6397.1,7229.19,1,1,4157.208719,0.59812,105.441734
6026.37,6827.61,1,1,4157.635246,0.831554,99.661247
5993,6643.49,1,1,4157.897654,0.577585,101.328354
5945.7,6501.98,1,1,4158.258559,0.829447,98.195824
5913.02,6405.32,1,1,4158.521028,0.538688,104.276436
6056.49,6430.5,1,1,4158.783486,0.727205,98.971069
6071.74,6374.53,1,1,4159.045957,0.79583,101.821198
6123.41,6286.29,1,1,4159.308419,0.55733,96.735107
6145.99,6193.82,1,1,4159.570899,1,99.770134
6299.91,6089.71,1,1,4159.866056,0.844616,100.107651
6247.52,5962.65,1,1,4160.226967,0.987109,98.663109
6433.12,6010.55,1,1,4160.489444,0.810813,103.656067
6481.51,5965.69,1,1,4160.751851,0.761034,104.952858
6347.61,5862.82,1,1,4161.014298,0.954428,102.150085
6323.26,5924.6,1,1,4161.276726,1,102.202126
6300.91,5993.16,1,1,4161.539212,0.849108,98.465698
6312.48,6030.82,1,1,4161.801647,0.970581,97.76651
6223.98,6035.66,1,1,4162.096903,1,95.994972
6219.97,6020.8,1,1,4162.359337,1,95.485565
6226.64,5978.26,1,1,4162.621816,0.977768,95.122803
6198.87,5980.56,1,1,4162.884253,0.709717,96.14048
6156.67,6036.53,1,1,4163.146729,0.758469,91.711548
6047.02,6201.4,1,1,4163.409237,0.776258,92.668961
5914.98,6354.12,1,1,4163.671706,1,94.440865
5865.22,6457.15,1,1,4163.934238,0.903712,98.987221
5836.81,6491.34,1,1,4164.196712,0.917323,100.038315
5856.55,6540.63,1,1,4164.459145,0.984766,100.937439
6091.19,6710.48,1,1,4164.88569,1,102.719627
6022.33,6628.24,1,1,4165.148188,0.873541,103.074944
6028.85,6481.9,1,1,4165.410626,0.619151,103.601074
6054.09,6473.42,1,1,4165.673059,0.850066,100.230827
6064.01,6426.76,1,1,4166.001212,0.833889,98.152679
6191.76,6677.21,1,1,4166.263721,1,97.763283
6194.28,6753.14,1,1,4166.526179,1,99.384384
6095.25,6717.78,1,1,4166.788705,0.978289,100.059456
6137.47,6635.3,1,1,4167.051198,0.767812,98.736992
5398.67,6201.07,1,1,4168.002545,0.984837,98.108856
5533.54,5204.24,1,1,4168.429117,0.561592,100.465317
5714.3,4996.4,1,1,4169.117985,0.49636,80.000427
5533.31,5483.47,1,1,4169.446079,0.822934,96.395653
5606.14,5561.78,1,1,4169.708569,1,95.805466
5623.53,5691.64,1,1,4169.971041,0.994295,96.207924
5933.16,5117.46,1,1,4170.266334,0.762417,98.91687
5602.5,5310.34,1,1,4170.561612,0.762193,98.264824
5540.64,5977.11,1,1,4170.824054,0.531027,93.846977
5652.25,6062.34,1,1,4171.086507,0.991634,98.868423
5598.33,5975.87,1,1,4171.414645,0.876589,102.744415
5933.36,6015.17,1,1,4171.775559,0.829268,98.998215
6083.45,6116.44,1,1,4172.037967,0.694469,102.179054
6083.47,6109.71,1,1,4172.300441,0.587156,103.877762
6087.77,6067.84,1,1,4172.562894,0.987228,101.865402
6071.7,6049.28,1,1,4172.825364,1,97.851837
6149.68,6118.31,1,1,4173.087831,0.860564,98.475983
6078.37,6044.88,1,1,4173.350271,0.825299,103.209274
5940.83,6081,1,1,4173.612754,0.766373,98.904907
5938.73,6128.21,1,1,4173.875204,0.813541,97.673302
5970.06,6126.31,1,1,4174.137692,0.89506,97.998558
6110.15,6140.2,1,1,4174.400121,0.698878,96.849762
6049.59,6034.76,1,1,4174.826614,0.882076,99.70533
6075.94,5925.78,1,1,4175.15476,0.801477,93.791641
6037.15,5962.85,1,1,4175.417219,0.582224,95.369286
5724.27,6574.43,1,1,4175.843702,0.888042,95.868172
5406.23,6920.22,1,1,4176.335799,0.589296,97.121284
5126.25,6528.96,1,1,4177.057522,0.401159,99.698441
5609.05,6157.99,1,1,4177.713666,0.648725,102.414795
5999.74,6011.68,1,1,4178.0745,0.692865,100.76429
6033.97,5879.71,1,1,4178.336959,1,101.795662
6182.35,5867.77,1,1,4178.5994,0.858202,100.674362
6479.14,5894.7,1,1,4178.861824,1,98.222786
6481.25,5948.35,1,1,4179.124256,1,101.444695
6376.64,5962.29,1,1,4179.386711,0.914884,102.562592
6349.74,5936.04,1,1,4179.649142,0.874947,100.44104
6276.93,5866.16,1,1,4179.911547,1,98.523315
7325.18,5464.67,1,1,4180.173999,1,103.17495
7564.35,5562.41,1,1,4180.436395,0.810515,105.096527
6750.66,4052.1,1,1,4181.190915,0.370265,77.887901
6601.12,3766.45,1,1,4181.551745,0.475452,89.639076
5813.14,6249.99,1,1,4182.339128,0.628265,111.991348
5191.26,6060.42,1,1,4183.028146,0.731535,96.320229
5100.16,7319.39,1,1,4183.421908,0.706387,94.45372
6179.61,6900.07,1,1,4184.898373,0.491689,97.938103
6421.88,6635.44,1,1,4185.193574,0.821738,94.452316
6299.64,4634.53,1,1,4185.620046,0.525283,98.833534
6850.97,3800.76,1,1,4186.801135,0.575458,73.658791
6162.75,7057.86,1,1,4187.260507,0.555096,110.092827
5824.83,6989.54,1,1,4187.555814,0.703543,110.9431
6494.63,3923.9,1,1,4188.277658,0.513603,97.006439
5798.29,3530.61,1,1,4188.933832,0.684825,118.311142
5799.99,3547.77,1,1,4189.458717,0.534214,115.244507
5809.37,3488.7,1,1,4189.852436,0.686312,111.193802
6999.84,4559.06,1,1,4190.410152,0.508974,116.520966
5820.39,3915.84,1,1,4190.869441,0.590463,113.951744
5803.97,3786.73,1,1,4191.788115,0.569116,110.526711
5718.3,3563.84,1,1,4192.08341,0.730774,114.444366
5119.04,5163.35,1,1,4192.608308,0.435022,104.67141
5830.92,3349.35,1,1,4193.166043,0.70179,104.436554
5969.47,3471.16,1,1,4193.461307,0.615439,108.526573
5912.85,3329.39,1,1,4193.723795,0.687034,112.51976
5802.23,3448.35,1,1,4194.019047,0.771502,111.290268
5846.09,3439.84,1,1,4194.281526,0.699443,113.358177
5816.99,3522.09,1,1,4194.543997,0.693186,112.000099
5778.6,3547.82,1,1,4194.806454,0.751377,114.068764
5756.78,3549.79,1,1,4195.068955,0.767588,111.976387
6066.11,3764.41,1,1,4195.528282,0.571011,107.39724
6058.93,3791.18,1,1,4196.545262,0.383378,108.457741
6069.84,3959.03,1,1,4197.267042,0.348164,107.316154
5803.96,3811.17,1,1,4197.988796,0.798563,106.31987
5827.81,3738.7,1,1,4198.251288,0.778701,104.328568
5635.71,3647.86,1,1,4198.51372,0.697946,102.38488
5730.01,3515.34,1,1,4198.776179,0.720659,104.204979
5777.92,3491.36,1,1,4199.038661,0.603396,105.936584
5826.68,3630.21,1,1,4199.301095,0.777533,105.472412
5685.96,3483.63,1,1,4199.596386,0.704138,103.701775
5725.04,3534.83,1,1,4199.858841,0.731157,101.864639
5708.51,3581.84,1,1,4200.121335,0.831784,100.6026
6767.39,3445.99,1,1,4200.38374,0.428556,61.528305
6125.2,3713.51,1,1,4200.875875,0.560566,106.940247
5988.74,3603.9,1,1,4201.335197,0.69414,109.063103
5871.56,3605.9,1,1,4201.663275,0.786061,108.537529
5681.75,3918.74,1,1,4201.925745,0.489415,108.997467
6106.6,4118.99,1,1,4202.253779,0.472494,100.966194
5838.34,4012.81,1,1,4202.909879,0.246592,147.458862
5967.41,3749.82,1,1,4203.664405,0.62083,109.827477
5831.96,3751.36,1,1,4203.992491,0.801418,110.226837
5852.83,3782.17,1,1,4204.254897,0.645732,111.051216
5896.1,3719.45,1,1,4204.517394,0.649473,110.399704
6173.09,3677.41,1,1,4204.845466,0.426727,99.321442
6113.63,3673.64,1,1,4205.107945,0.592,108.992889
6088.36,3658.33,1,1,4205.370335,0.593011,105.31102
5996.87,3706.18,1,1,4205.632804,0.43937,110.652695
6705.57,3991.23,1,1,4205.89526,0.39442,84.109093
6648.36,3976.48,1,1,4206.354525,0.463459,95.75898
6134.72,3770.83,1,1,4207.076293,0.585395,104.134354
6132.87,3803.57,1,1,4207.338737,0.596458,104.539108
6160.56,3798.34,1,1,4207.601197,0.556973,102.185158
6766.64,3840.39,1,1,4208.126047,0.489543,83.640007
6329.39,3828.86,1,1,4208.913418,0.337087,118.237267
7323.92,4831.5,1,1,4209.503887,0.643748,107.389832
7721.3,5017.19,1,1,4209.79918,0.639356,113.05471
6342.41,6150.63,1,1,4210.29129,0.513342,106.154083
6037.97,6211.81,1,1,4210.586559,1,109.712044
5438.62,4522.94,1,1,4212.555063,0.418523,133.97644
6329.12,4915.39,1,1,4212.981504,0.832761,105.711853
6207.31,4839.19,1,1,4213.440796,0.495671,114.79686
6660.23,5121.1,1,1,4213.703261,0.402757,93.904816
6522.94,5022.7,1,1,4213.965734,0.69499,107.097855
6295.53,4764.76,1,1,4214.556184,0.57814,99.196594
6344.35,4667.2,1,1,4214.851439,0.678014,107.475929
6158.64,4250.42,1,1,4215.343483,0.469218,110.256027
6371.42,4159.02,1,1,4216.360569,0.536428,104.501099
7071.16,4704.62,1,1,4217.279115,0.851262,115.930328
5885.9,5812.3,1,1,4217.803987,0.728582,107.760429
6708.97,4925.32,1,1,4218.164871,0.631626,105.30307
5613.25,3281.69,1,1,4218.6898,0.504235,105.845001
6697.55,4838.5,1,1,4219.739529,0.551124,111.341591
6483.66,4683.18,1,1,4220.953314,0.466438,111.089302
5826.71,5578.03,1,1,4222.002978,0.9208,111.753242
6266.97,5669.11,1,1,4222.265372,0.99068,114.45681
6829.34,5105.17,1,1,4222.56063,0.765262,113.20266
6855.51,5060.07,1,1,4222.823095,0.834571,109.771461
6897.39,5176.19,1,1,4223.085539,0.719604,110.164886
6459.38,5276.61,1,1,4223.413586,0.518097,110.019737
6250.96,5276.33,1,1,4223.741668,0.804699,117.057594
6196.8,5226.74,1,1,4224.004116,0.646408,113.250664
6401.91,5325.15,1,1,4224.266525,0.757198,107.076347
6490.3,5319.25,1,1,4224.528929,0.647727,107.529274
6565.25,5376.58,1,1,4224.791364,0.75646,107.292595
6630.62,5392.85,1,1,4225.053788,0.857885,104.117096
6508.76,5329.82,1,1,4225.349072,0.846035,108.647926
6387.71,5304.74,1,1,4225.611529,0.838698,109.789467
6421.07,5282.31,1,1,4225.873955,0.733821,108.681084
6433.82,5170.05,1,1,4226.39886,0.742589,110.935265
6529.02,4757.41,1,1,4227.087744,0.535316,93.843918
6135.73,5818.34,1,1,4227.481346,1,109.7575
6103.38,5742.18,1,1,4227.743813,1,108.782433
6145.33,5783.39,1,1,4228.07189,0.978498,108.084488
6290.4,5762.38,1,1,4228.33439,0.894431,105.302528
6682.81,5654.8,1,1,4228.662479,0.68193,106.865822
6821.02,5548.04,1,1,4228.924896,1,110.416603
6857.59,5482.81,1,1,4229.187335,0.952571,109.49054
6814.17,5549.33,1,1,4229.449805,1,111.884087
6775.12,5622.23,1,1,4229.712304,0.976405,111.536774
6996.03,5933.62,1,1,4230.073214,0.549285,114.830429
5940.09,4976.29,1,1,4230.368514,0.567345,106.805725
5868.19,4755.11,1,1,4230.663755,0.622339,114.176964
6114.39,3534.4,1,1,4231.385502,0.539469,113.101379
5205.41,3728.65,1,1,4231.812005,0.520272,101.946213
4371.49,3912.93,1,1,4232.107219,0.533516,112.084679
4474.96,4077.66,1,1,4232.500889,0.648519,114.935944
6665.6,4543.67,1,1,4233.025779,0.61444,110.989807
6749.47,5077.92,1,1,4233.321034,0.628219,112.030144
5688.56,3983.06,1,1,4233.780327,0.442327,114.907402
4599.97,3431.17,1,1,4234.173966,0.473864,70.122726
5560.81,3835.93,1,1,4234.666021,0.68179,111.961983
5380.84,3708.17,1,1,4234.994061,0.477444,115.091522
5234.78,3520.83,1,1,4235.420508,0.399872,126.655388
5163.24,3329.56,1,1,4235.748593,0.581035,114.438339
5891.52,4982.06,1,1,4236.273512,0.972499,99.305901
6270.09,4277.57,1,1,4236.765579,0.543242,90.050949
6608.76,4618.99,1,1,4238.143402,0.617212,92.524788
6412.91,5547.26,1,1,4238.733959,0.638386,101.734833
5531.17,3983.12,1,1,4239.2589,0.67041,110.572792
5786.56,3722.79,1,1,4239.554125,0.840445,110.871925
5563.66,3978.17,1,1,4239.816623,0.782536,114.298302
5589.22,4006.99,1,1,4240.079054,0.643488,113.427338
6324.35,4168.72,1,1,4240.439922,0.441468,86.085968
5701.94,3986.58,1,1,4241.1945,0.311803,131.869797
6053.53,3942.71,1,1,4241.620924,0.444164,88.443718
6427.16,3968.18,1,1,4242.08019,0.511638,101.637733
6023.78,3822.42,1,1,4242.637953,0.52565,105.747963
5989.56,3768.52,1,1,4243.031682,0.496042,107.481071
5737.5,4799.87,1,1,4243.49101,0.523609,102.070648
5929.46,4797.12,1,1,4244.639235,0.557631,101.93383
5942.68,4731.92,1,1,4244.901723,0.660444,103.905067
5729.84,4685.07,1,1,4245.229746,0.59885,106.3983
5644.74,4665.73,1,1,4245.492147,0.571976,106.428207
5868.35,4812.52,1,1,4245.885863,0.650112,101.702156
5622.24,4746.5,1,1,4246.279496,0.589419,104.745209
6664.38,4073.04,1,1,4246.738742,0.49318,99.925041
6970.41,4617.93,1,1,4247.165279,0.827222,110.435883
6813.86,5503.1,1,1,4247.558999,0.833488,108.790604
6811.17,5409.69,1,1,4247.821422,0.971763,104.020164
6614.78,5155.69,1,1,4248.083896,0.866784,104.978073
6369.8,4535.76,1,1,4248.575974,0.50302,83.392868
6056.57,5055.58,1,1,4248.871175,0.726755,108.308701
6716.14,4454.2,1,1,4249.428858,0.565055,95.106689
6575.04,5188.77,1,1,4249.6913,0.591301,108.930496
5776.31,4241.19,1,1,4250.052209,0.390281,111.544052
6241.88,4510.34,1,1,4250.511537,0.399299,91.557312
6220.75,4172.09,1,1,4250.937946,0.473923,108.497803
6318.5,4290.12,1,1,4251.298782,0.48695,98.029861
6231.38,4094.45,1,1,4251.790892,0.453157,93.387794
6420.27,4134.03,1,1,4252.151761,0.486879,82.966232
6389.13,4479.78,1,1,4252.775119,0.545422,92.362175
6074.03,4803.08,1,1,4253.070337,0.477543,105.3386
5857.93,4065.78,1,1,4253.49683,0.34111,109.824867
7235.9,5898.03,1,1,4254.054509,0.473685,103.178017
6724.93,5130.56,1,1,4254.415362,0.587845,106.397446
6078.37,5376.19,1,1,4254.80897,0.988313,105.025398
6011.49,5602.82,1,1,4255.071471,0.858013,107.392731
6234.18,5248.78,1,1,4255.465156,0.616627,101.981194
6433.44,5424.89,1,1,4255.727578,0.868045,105.884415
6444.33,5377.77,1,1,4255.990057,0.949445,109.156479
6428.19,5450.26,1,1,4256.252531,1,107.05899
6244.64,5368.29,1,1,4256.514994,1,102.036003
6616.52,5508.72,1,1,4256.777431,1,104.49617
6658.36,5489.62,1,1,4257.039831,1,107.11673
6399.61,5380.75,1,1,4257.335103,0.911524,107.969025
6363.64,5288.51,1,1,4257.597583,0.992224,110.929047
6330.77,5233.67,1,1,4257.958462,0.967412,110.12352
6383.07,5287.96,1,1,4258.220958,0.850512,109.869278
6237.1,5217.24,1,1,4258.48347,0.814265,109.948936
6210.57,5093.27,1,1,4258.745938,0.540461,109.349297
6203.32,4745.67,1,1,4259.074023,0.408576,104.208275
6154.07,4700.23,1,1,4259.336525,0.703339,102.412567
6181.18,4656.99,1,1,4259.598924,0.605597,103.222504
6217.9,4715.4,1,1,4259.861377,0.736834,102.355896
6281.92,5028.3,1,1,4260.189453,0.57155,102.077446
6283.01,5051.72,1,1,4260.451881,0.781548,107.581085
6151.58,4993.82,1,1,4260.812768,0.825087,101.215881
5856.01,5356.6,1,1,4261.075211,1,102.513954
6314.02,5482.15,1,1,4261.370524,1,100.764565
6075.69,6075.71,1,1,4261.632984,0.764503,98.945801
6097.55,6032.09,1,1,4261.895443,0.967185,99.660423
6059.32,6262.4,1,1,4262.157891,0.924958,94.543304
6160.95,6837.78,1,1,4262.420385,0.672544,91.639458
6114.6,6983.65,1,1,4262.715621,0.805686,95.296928
6412.23,7254.89,1,1,4263.01093,0.552254,93.040764
6438.37,7167.05,1,1,4263.306262,1,94.620529
6318.57,6870.05,1,1,4263.601604,0.876084,96.726936
6253.29,6913.56,1,1,4263.896949,1,93.601097
5968.54,6658.83,1,1,4264.257865,0.784293,99.547623
5903.06,6511.47,1,1,4264.520342,0.877166,101.164085
5831.85,6427.52,1,1,4264.782817,0.763263,95.834
5877.82,6431.56,1,1,4265.045307,0.912736,96.728127
5898.55,6351.71,1,1,4265.307785,1,98.283363
5863.11,6424.87,1,1,4265.734351,0.989615,96.537781
5884.44,6607.15,1,1,4265.996788,0.763862,95.299309
5957.03,6837.9,1,1,4266.259262,1,96.027794
6081.49,7004,1,1,4266.521737,0.733321,95.536476
6125.69,7314.45,1,1,4266.784258,1,95.708954
6100.19,7371.94,1,1,4267.046725,0.8255,97.357018
5801.73,7145.7,1,1,4267.374792,0.602073,92.595993
5976.78,6573.91,1,1,4268.162251,0.851426,96.787224
6080.45,6535.63,1,1,4268.424765,1,97.441208
6258.51,6520.23,1,1,4268.687248,0.890492,95.987083
6392.88,6525.51,1,1,4268.949755,0.979856,95.408493
6560.5,6591.99,1,1,4269.212192,0.668125,96.160439
6583.57,6574.54,1,1,4269.474695,0.852132,98.152489
6385.43,6454.04,1,1,4269.737172,1,95.654755
6247.91,6431.34,1,1,4269.999634,0.98299,95.405731
6441.14,6646.12,1,1,4270.262107,0.893994,94.981087
6399.43,6643.56,1,1,4270.557365,0.782815,99.090385
6376.95,6643.91,1,1,4270.819827,0.794197,97.696648
6203.64,6653.44,1,1,4271.115088,0.899492,98.622604
6047.66,6672.62,1,1,4271.377594,0.940684,99.859581
6033.35,6815.76,1,1,4271.639981,0.896493,96.841248
6184.32,6852.57,1,1,4272.000884,0.935682,96.616539
6253.02,6886.61,1,1,4272.263386,0.896009,99.417786
6381.99,6718.42,1,1,4272.525802,0.908862,97.788696
6379.26,6628.12,1,1,4272.788285,0.808924,97.773354
6405.68,6789.18,1,1,4273.149175,0.989552,97.590256
6715.75,6931.46,1,1,4273.444483,0.844796,97.483185
6900.15,7017.56,1,1,4273.706951,0.884088,101.203499
6895.16,6938.67,1,1,4273.96941,0.526453,100.725426
6907.86,6957.38,1,1,4274.231836,0.849923,101.309814
6858.77,6834.42,1,1,4274.691073,0.700601,97.02401
6663.04,6395.2,1,1,4275.051954,0.494498,100.336899
5924.93,5610.64,1,1,4275.445665,0.865635,98.870232
5960.66,5385.55,1,1,4275.708092,0.792821,94.769356
5841.97,5116.07,1,1,4276.003406,0.96073,97.355995
6002.89,5128.73,1,1,4276.265864,0.697788,96.64827
6273.47,5211.34,1,1,4276.823606,0.654119,79.812737
6158.21,5088.69,1,1,4277.086045,0.847192,95.70285
6163.82,5066.63,1,1,4277.348504,0.93573,95.875992
5880.14,4989.77,1,1,4277.873405,0.650262,101.790405
6156.07,5132.67,1,1,4278.267131,0.763849,96.63575
7052.02,7022.74,1,1,4278.824945,0.612579,98.11586
6175.34,5084.15,1,1,4279.743529,0.821791,101.486931
6103.01,5233.23,1,1,4280.005985,0.516813,98.38636
5934.62,5257.49,1,1,4280.268484,0.768361,96.901978
6139.39,5445.38,1,1,4280.530958,1,98.487968
6200.88,5550.5,1,1,4280.793365,0.555621,98.51886
6194.94,5600.48,1,1,4281.055864,0.922578,97.638878
6044.85,5595.91,1,1,4281.318301,1,98.860687
6159.3,5592.93,1,1,4281.580743,0.792383,94.052544
6046.73,5310.96,1,1,4281.843195,0.753138,95.707489
5969.08,5322.4,1,1,4282.105654,0.972966,100.48745
5910.85,5314.77,1,1,4282.368112,0.672377,95.050919
5982.32,5237.09,1,1,4282.630579,0.756982,100.073326
6119.52,5198.92,1,1,4282.893079,0.866722,101.126801
5963.36,5122.15,1,1,4283.286756,0.532745,105.214386
6163.88,5202.14,1,1,4283.582043,0.738363,102.255074
5253.46,3751.54,1,1,4284.369509,0.492788,90.744713
5563.96,4209.78,1,1,4285.845795,0.586048,110.707291
5411.11,4182.31,1,1,4286.469213,0.680705,113.304901
5694.37,4340.95,1,1,4286.764423,0.358049,128.716919
5554.52,4216.25,1,1,4287.026881,0.626099,110.425629
5401.47,4164.47,1,1,4287.322087,0.896186,108.155228
5567.74,4339.51,1,1,4287.814101,0.616637,107.894913
5597.37,5031.54,1,1,4288.470232,0.43528,104.06115
6023.26,5548.37,1,1,4289.388817,0.856993,99.746742
6102.96,5546.41,1,1,4289.651312,1,103.054405
5952.67,5425.38,1,1,4289.913711,1,102.860832
6018.33,5474.55,1,1,4290.176183,0.797569,102.170349
6326.94,5645.37,1,1,4290.4387,0.748672,97.837364
6481.74,5627.68,1,1,4290.701124,1,99.954788
6461.63,5552.68,1,1,4290.963577,0.942587,101.124954
6478.33,5498.25,1,1,4291.226051,0.97757,98.935547
6536.74,5476.48,1,1,4291.488506,1,99.189629
6306.68,5335.43,1,1,4291.750973,0.777443,102.121399
6230.33,5222.56,1,1,4292.013408,0.825321,98.038834
6281.96,5222.7,1,1,4292.275857,0.58905,102.107452
6207.86,5152.01,1,1,4292.538287,0.758801,106.13797
6285.45,5185.9,1,1,4292.800725,0.797559,104.013786
5614.1,5899.63,1,1,4293.19445,0.839858,105.773827
5831.16,5360.19,1,1,4293.620867,0.821205,96.157051
6029.13,5205.56,1,1,4293.883329,0.818692,102.721306
6092.1,4990.97,1,1,4294.211382,0.642825,108.025314
5995.43,5062.58,1,1,4294.572246,0.689392,110.971504
6019.67,5064.57,1,1,4294.834741,0.789613,104.715775
6347.73,5227.47,1,1,4295.130033,0.673166,105.046082
6355.49,5188.79,1,1,4295.392547,0.771081,103.500305
6267.24,5275.54,1,1,4295.654959,0.707705,100.423782
5970.67,5979.24,1,1,4296.081412,0.600079,102.850372
5664.16,6752,1,1,4296.442318,0.560924,102.277771
5493.51,6983.83,1,1,4296.704756,0.977823,104.240112
5443.19,7076.59,1,1,4296.967228,0.968328,99.403168
5509.71,6922.54,1,1,4297.229696,0.757709,101.727425
5668.49,6082.14,1,1,4297.59053,0.867284,106.049797
5992.82,5399.55,1,1,4298.049846,0.695347,100.415833
6038.53,5159.91,1,1,4298.410725,0.818792,102.768723
5994.34,4963.01,1,1,4298.705995,0.731547,100.751221
6212.41,5035.03,1,1,4299.034041,0.764234,104.027946
6267.08,5029.68,1,1,4299.296513,1,101.518005
6085.18,5518.02,1,1,4299.624565,0.785073,98.664101
5912.75,6174.51,1,1,4300.018241,0.756056,97.253235
5958.83,6223.72,1,1,4300.280695,0.854111,99.903183
5993.78,6180.25,1,1,4300.543111,0.91278,100.559647
6120.79,6344.99,1,1,4300.805537,1,97.578598
6075.46,6317.32,1,1,4301.067974,0.994857,97.591995
6247.95,6371.59,1,1,4301.428868,1,95.948067
6225.44,6318.66,1,1,4301.691284,0.773226,96.577934
6014.74,6175.88,1,1,4301.953748,1,95.981758
5597.74,5924.57,1,1,4302.478588,1,102.500267
5560.42,5725.2,1,1,4302.741029,0.979863,102.151512
5732.02,5644.72,1,1,4303.003483,1,99.35685
5755.61,5613.43,1,1,4303.265914,1,101.46328
5702.34,5536.18,1,1,4303.528326,0.947049,104.416252
5768.25,5417.52,1,1,4303.790744,0.975502,103.609116
5576.47,5643.85,1,1,4304.11875,0.38143,100.835625
5574.09,5749.11,1,1,4304.381209,0.868695,103.980263
5514.98,5787.09,1,1,4304.643642,1,103.006973
5431.03,5664.2,1,1,4304.906131,0.995308,104.025993
5680.61,5805.49,1,1,4305.201386,0.955425,103.00322
5678.78,5588.18,1,1,4305.463865,0.764412,98.665306
5566.74,5363.4,1,1,4305.759109,0.715933,97.340759
5672.97,5256.81,1,1,4306.480857,0.610097,101.186028
5664.15,5287.87,1,1,4306.743299,0.758339,102.738251
5559.51,5227.98,1,1,4307.071411,0.794141,100.219948
5557.07,5156.15,1,1,4307.333897,0.640414,100.24929
5564.05,5102.63,1,1,4307.596378,0.675424,99.46093
5569.33,5249.28,1,1,4308.186867,0.369058,98.745789
5590.27,5226.83,1,1,4308.449316,0.714161,101.394058
5672.26,5460.8,1,1,4309.006991,1,97.388847
5379.18,5630.08,1,1,4309.269463,0.944593,99.202766
5436.54,5899.17,1,1,4309.531906,1,99.694267
5656.54,6123.05,1,1,4309.794346,1,99.678925
5932.64,6189.3,1,1,4310.056802,0.830985,100.622871
5987.06,6021.82,1,1,4310.319206,1,96.905602
5955.27,5825.48,1,1,4310.614486,1,100.150536
5881.97,5583.01,1,1,4310.877014,0.844095,97.726189
5860.64,5334.35,1,1,4311.139424,0.962295,99.396538
5877.58,5184.53,1,1,4311.401875,0.600675,98.211784
5822.76,4856.58,1,1,4311.795502,0.775486,101.482994
6035.27,4902.69,1,1,4312.156351,0.778543,101.355576
6030.81,4892.99,1,1,4312.418794,0.686339,99.080254
5604.33,3593.55,1,1,4312.845231,0.635561,101.326233
7040.48,4959.9,1,1,4313.206076,0.921034,101.864571
6305.26,3444.31,1,1,4313.698183,0.371516,115.482903
6118.19,3471.81,1,1,4314.288679,0.312281,156.091293
6541.65,4179.25,1,1,4315.53543,0.565165,81.131798
5641.86,5547.06,1,1,4317.5037,0.431928,96.842827
5771.57,5322.95,1,1,4317.798939,0.815705,97.67173
5873.07,5178.9,1,1,4318.127033,0.67051,90.939178
5880.77,5100.58,1,1,4318.389444,0.721017,99.173325
6205.44,5089.15,1,1,4319.045545,0.744776,96.977356
6279.52,5071.12,1,1,4319.308049,0.679677,99.638374
6178.78,5008.1,1,1,4319.603278,0.648832,93.041962
6210.99,5025.71,1,1,4319.865713,0.836337,98.905777
6075.32,5050.92,1,1,4320.160994,0.635869,100.888954
6029.62,5207.15,1,1,4320.42343,0.904462,100.787926
6160.47,5464.26,1,1,4320.71869,1,97.30394
6075.33,5596.62,1,1,4321.013929,0.727118,97.167122
5724.14,6073.76,1,1,4321.374804,0.657493,96.67086
5778.63,6279.43,1,1,4321.637285,0.631129,95.660271
5835.12,6323.45,1,1,4321.899742,0.812151,96.628021
7319.01,6795.68,1,1,4322.293411,0.325986,90.055183
7533.89,7018.73,1,1,4322.55586,0.557352,99.442757
7428,7012.61,1,1,4322.982373,0.776773,108.098862
6296.82,4938.04,1,1,4323.343358,0.63902,108.404541
6960.57,4786.9,1,1,4323.704178,0.564073,97.290581
5973.38,6753.19,1,1,4324.130724,0.52974,95.948456
6041.41,6461.2,1,1,4324.393202,0.935742,102.960159
5865.26,6252.67,1,1,4324.655622,0.540754,101.971069
5901.13,6498.27,1,1,4324.918128,0.946803,100.888176
5771.52,6622.79,1,1,4325.344626,1,100.695404
6075.38,6790.27,1,1,4325.6399,0.849527,100.462532
6079.39,6905.65,1,1,4325.902349,0.800238,100.966232
5870.41,6806.09,1,1,4326.164738,0.773575,103.505898
5846.31,6942.56,1,1,4326.42725,0.647546,104.100891
5846.8,7080.54,1,1,4326.689738,0.671442,103.773216
5671.8,7034.67,1,1,4327.181832,0.811873,107.344215
5926.86,7194.31,1,1,4327.542768,0.835981,101.320091
5390.45,6888.29,1,1,4328.100523,0.532653,101.13607
5308.94,6928.32,1,1,4328.363009,0.738412,104.819283
5350.56,7000.39,1,1,4328.625538,0.773102,97.611176
5455.67,6997.39,1,1,4328.888054,0.787432,95.907875
5344.36,6927.93,1,1,4329.216149,0.855927,97.770088
5284.51,6936.74,1,1,4329.478605,0.918767,96.931686
5621.62,7227.11,1,1,4329.741042,0.938293,93.188545
5671.49,7232.07,1,1,4330.003521,0.847742,95.459412
5585.76,7218.56,1,1,4330.265961,0.856119,96.771271
5616.59,7281.35,1,1,4330.528418,0.855845,97.915154
5649.25,7303.08,1,1,4330.790915,1,97.204391
5688.59,7163.13,1,1,4331.053403,0.874007,95.83419
5897.23,6600.61,1,1,4331.414262,0.647216,93.362129
6059.4,5945.25,1,1,4332.070456,0.728559,101.335419
6084.7,6048.34,1,1,4332.332894,0.810938,103.110001
6133.48,6037.39,1,1,4332.595397,0.44975,105.111732
6385.19,6081.39,1,1,4332.857887,0.817932,99.427788
6104.6,5385.56,1,1,4334.399905,0.97474,104.069756
5807.63,5579.99,1,1,4340.501992,1,94.004341
5931.21,6094.56,1,1,4342.864314,1,89.783081
6253.11,4911.74,1,1,4354.904712,0.787281,97.98806
6176.15,4331.84,1,1,4366.387063,0.583275,92.588005
6201.86,4366.74,1,1,4373.243608,0.520154,102.813171
6304.88,4462.59,1,1,4381.2485,0.605917,86.307137
6100.2,4538.12,1,1,4389.548754,0.518513,90.271347
6250.78,5979.31,1,1,4400.177858,0.930163,103.992554
6095.86,4893.73,1,1,4408.871113,0.688204,105.656967
6205.44,3644.4,1,1,4417.400888,0.397687,111.86586
6991.14,4767.18,1,1,4427.538258,0.9837,108.496857
6212.36,5135.02,1,1,4435.248079,0.868739,103.498016
6100.46,4732.15,1,1,4440.923395,0.774525,104.979889
6243.95,5341.67,1,1,4448.140586,0.922279,102.468185
5818.21,5823.01,1,1,4454.734711,0.821478,102.114075
6221.67,6501.84,1,1,4459.163698,0.526116,95.403679
5983.82,7138.92,1,1,4464.150312,0.894193,96.149994
5556.42,7376.05,1,1,4469.399681,0.768195,100.893051
5864.57,6008.11,1,1,4478.74956,0.637768,95.291885
6387.47,4220.36,1,1,4487.410576,0.378092,108.057175
6331.57,4729.33,1,1,4495.611909,0.432372,88.17041
6309.2,4931.84,1,1,4497.973892,0.907839,92.040298
6693.24,5182.98,1,1,4510.83352,0.930624,108.293411
6417.69,5039.31,1,1,4515.623147,0.663005,106.307655
6460.87,5382.52,1,1,4518.214934,0.642488,96.495537
6601.12,5429.41,1,1,4521.88926,0.945008,101.678139
5859.16,4788.04,1,1,4530.615504,0.511528,95.564529
6171.42,4861.99,1,1,4534.945861,0.798086,98.037933
6239.77,5280.63,1,1,4543.377664,0.951052,102.454475
6142.33,4698.95,1,1,4547.183304,0.664647,97.856018
6076.21,4781.07,1,1,4549.479805,0.593581,96.804474
6437.94,4735.44,1,1,4554.794411,0.687416,108.538292
6220.68,4857.98,1,1,4557.517106,0.672194,106.303459
6360.24,5719.33,1,1,4562.897052,0.888436,100.009041
6197.42,6621.49,1,1,4567.227315,0.549325,96.881615
6046.26,5443.11,1,1,4571.262293,1,103.018692
5966.21,5563.21,1,1,4576.445776,0.607095,98.882019
6116.95,4610.16,1,1,4578.807704,0.520895,104.846527
5982.32,5035.2,1,1,4581.169665,0.637048,100.558556
6159.35,5252.45,1,1,4584.54872,0.934375,93.983032
6151.58,5692.77,1,1,4587.927811,0.912702,101.902603
6339.38,5305.63,1,1,4590.256701,1,97.747475
6222.36,4861.98,1,1,4604.625843,0.651374,109.747765
6650.21,5044.23,1,1,4611.383884,0.526689,107.897118
6299.58,5849,1,1,4621.94747,1,99.192879
6636.43,4505.13,1,1,4627.88513,0.568542,89.956955
6304.79,5908.23,1,1,4635.201274,0.655543,102.231232
6073.8,4952.85,1,1,4641.369157,0.604394,105.602051
5981.87,4969.72,1,1,4643.960869,0.464427,103.789101
6221.46,4977.27,1,1,4649.472191,0.705741,105.514038
6007.98,5183.99,1,1,4652.785727,0.691083,102.92585
6171.12,6008.6,1,1,4660.265636,0.822583,106.516647
